movie_id,user_id,rating
0,0,3.0
1,0,3.0
2,0,3.0
3,0,3.0
4,0,3.0
5,0,3.0
6,0,3.0
7,0,3.0
8,0,3.0
9,0,3.0
10,0,3.0
11,0,3.0
12,0,3.0
13,0,3.0
14,0,3.0
15,0,3.0
16,0,3.0
17,0,3.0
18,0,3.0
19,0,3.0
20,0,3.0
21,0,3.0
22,0,3.0
23,0,3.0
24,0,3.0
25,0,3.0
26,0,3.0
27,0,3.0
28,0,3.0
29,0,3.0
30,0,3.0
31,0,3.0
32,0,3.0
33,0,3.0
34,0,3.0
35,0,3.0
36,0,3.0
37,0,3.0
38,0,3.0
39,0,3.0
40,0,3.0
41,0,3.0
42,0,3.0
43,0,3.0
44,0,3.0
45,0,3.0
46,0,3.0
47,0,3.0
48,0,3.0
49,0,3.0
50,0,4.0
51,0,3.0
52,0,3.0
53,0,3.0
54,0,3.0
55,0,3.0
56,0,3.0
57,0,3.0
58,0,3.0
59,0,3.0
60,0,3.0
61,0,3.0
62,0,3.0
63,0,3.0
64,0,3.0
65,0,3.0
66,0,3.0
67,0,3.0
68,0,3.0
69,0,3.0
70,0,3.0
71,0,3.0
72,0,3.0
73,0,3.0
74,0,3.0
75,0,3.0
76,0,3.0
77,0,3.0
78,0,3.0
79,0,3.0
80,0,3.0
81,0,3.0
82,0,3.0
83,0,3.0
84,0,3.0
85,0,3.0
86,0,3.0
87,0,3.0
88,0,3.0
89,0,3.0
90,0,3.0
91,0,3.0
92,0,3.0
93,0,3.0
94,0,3.0
95,0,3.0
96,0,3.0
97,0,3.0
98,0,3.0
99,0,3.0
100,0,3.0
101,0,3.0
102,0,3.0
103,0,3.0
104,0,3.0
105,0,3.0
106,0,3.0
107,0,3.0
108,0,3.0
109,0,3.0
110,0,3.0
111,0,3.0
112,0,3.0
113,0,3.0
114,0,3.0
115,0,3.0
116,0,3.0
117,0,3.0
118,0,3.0
119,0,3.0
0,1,3.0
1,1,3.0
2,1,4.0
3,1,3.0
4,1,4.0
5,1,3.0
6,1,3.0
7,1,3.0
8,1,3.0
9,1,3.0
10,1,3.0
11,1,3.0
12,1,3.0
13,1,4.0
14,1,3.0
15,1,3.0
16,1,3.0
17,1,3.0
18,1,3.0
19,1,3.0
20,1,3.0
21,1,3.0
22,1,3.0
23,1,3.0
24,1,4.0
25,1,4.0
26,1,3.0
27,1,4.0
28,1,3.0
29,1,3.0
30,1,3.0
31,1,3.0
32,1,3.0
33,1,3.0
34,1,3.0
35,1,3.0
36,1,3.0
37,1,4.0
38,1,3.0
39,1,3.0
40,1,3.0
41,1,3.0
42,1,3.0
43,1,3.0
44,1,4.0
45,1,3.0
46,1,3.0
47,1,3.0
48,1,3.0
49,1,3.0
50,1,3.0
51,1,3.0
52,1,3.0
53,1,3.0
54,1,4.0
55,1,3.0
56,1,3.0
57,1,3.0
58,1,3.0
59,1,3.0
60,1,3.0
61,1,3.0
62,1,3.0
63,1,3.0
64,1,3.0
65,1,3.0
66,1,3.0
67,1,3.0
68,1,3.0
69,1,3.0
70,1,3.0
71,1,3.0
72,1,3.0
73,1,3.0
74,1,3.0
75,1,3.0
76,1,3.0
77,1,3.0
78,1,3.0
79,1,3.0
80,1,3.0
81,1,3.0
82,1,3.0
83,1,3.0
84,1,3.0
85,1,4.0
86,1,3.0
87,1,3.0
88,1,3.0
89,1,3.0
90,1,3.0
91,1,3.0
92,1,3.0
93,1,3.0
94,1,3.0
95,1,3.0
96,1,3.0
97,1,3.0
98,1,3.0
99,1,4.0
100,1,3.0
101,1,3.0
102,1,3.0
103,1,3.0
104,1,3.0
105,1,3.0
106,1,4.0
107,1,3.0
108,1,4.0
109,1,3.0
110,1,3.0
111,1,3.0
112,1,3.0
113,1,3.0
114,1,3.0
115,1,3.0
116,1,3.0
117,1,3.0
118,1,3.0
119,1,3.0
0,2,1.0
1,2,1.0
2,2,1.0
3,2,1.0
4,2,1.0
5,2,1.0
6,2,1.0
7,2,1.0
8,2,1.0
9,2,1.0
10,2,1.0
11,2,1.0
12,2,1.0
13,2,1.0
14,2,0.0
15,2,1.0
16,2,1.0
17,2,1.0
18,2,1.0
19,2,1.0
20,2,1.0
21,2,0.0
22,2,1.0
23,2,1.0
24,2,1.0
25,2,1.0
26,2,1.0
27,2,1.0
28,2,1.0
29,2,1.0
30,2,1.0
31,2,1.0
32,2,1.0
33,2,1.0
34,2,1.0
35,2,1.0
36,2,1.0
37,2,1.0
38,2,1.0
39,2,1.0
40,2,1.0
41,2,1.0
42,2,1.0
43,2,1.0
44,2,1.0
45,2,1.0
46,2,1.0
47,2,1.0
48,2,1.0
49,2,1.0
50,2,1.0
51,2,1.0
52,2,1.0
53,2,1.0
54,2,1.0
55,2,1.0
56,2,1.0
57,2,1.0
58,2,1.0
59,2,1.0
60,2,1.0
61,2,1.0
62,2,1.0
63,2,1.0
64,2,1.0
65,2,1.0
66,2,1.0
67,2,1.0
68,2,1.0
69,2,1.0
70,2,1.0
71,2,1.0
72,2,1.0
73,2,1.0
74,2,1.0
75,2,1.0
76,2,1.0
77,2,1.0
78,2,1.0
79,2,1.0
80,2,1.0
81,2,1.0
82,2,1.0
83,2,1.0
84,2,0.0
85,2,1.0
86,2,1.0
87,2,1.0
88,2,1.0
89,2,1.0
90,2,1.0
91,2,1.0
92,2,0.0
93,2,1.0
94,2,1.0
95,2,1.0
96,2,1.0
97,2,1.0
98,2,1.0
99,2,1.0
100,2,0.0
101,2,1.0
102,2,1.0
103,2,1.0
104,2,1.0
105,2,1.0
106,2,1.0
107,2,1.0
108,2,1.0
109,2,1.0
110,2,1.0
111,2,1.0
112,2,1.0
113,2,2.0
114,2,1.0
115,2,1.0
116,2,1.0
117,2,1.0
118,2,1.0
119,2,1.0
0,3,1.0
1,3,1.0
2,3,1.0
3,3,1.0
4,3,1.0
5,3,1.0
6,3,1.0
7,3,1.0
8,3,1.0
9,3,1.0
10,3,1.0
11,3,1.0
12,3,1.0
13,3,1.0
14,3,2.0
15,3,1.0
16,3,1.0
17,3,1.0
18,3,1.0
19,3,1.0
20,3,1.0
21,3,1.0
22,3,2.0
23,3,1.0
24,3,1.0
25,3,1.0
26,3,2.0
27,3,1.0
28,3,1.0
29,3,1.0
30,3,1.0
31,3,1.0
32,3,1.0
33,3,1.0
34,3,1.0
35,3,1.0
36,3,1.0
37,3,1.0
38,3,1.0
39,3,1.0
40,3,1.0
41,3,1.0
42,3,1.0
43,3,1.0
44,3,1.0
45,3,1.0
46,3,1.0
47,3,1.0
48,3,1.0
49,3,1.0
50,3,2.0
51,3,1.0
52,3,1.0
53,3,2.0
54,3,1.0
55,3,1.0
56,3,1.0
57,3,1.0
58,3,1.0
59,3,1.0
60,3,1.0
61,3,1.0
62,3,1.0
63,3,1.0
64,3,1.0
65,3,1.0
66,3,1.0
67,3,1.0
68,3,1.0
69,3,1.0
70,3,1.0
71,3,2.0
72,3,1.0
73,3,1.0
74,3,1.0
75,3,2.0
76,3,1.0
77,3,1.0
78,3,1.0
79,3,1.0
80,3,1.0
81,3,1.0
82,3,1.0
83,3,1.0
84,3,1.0
85,3,1.0
86,3,1.0
87,3,1.0
88,3,1.0
89,3,1.0
90,3,1.0
91,3,1.0
92,3,1.0
93,3,1.0
94,3,1.0
95,3,1.0
96,3,1.0
97,3,1.0
98,3,1.0
99,3,1.0
100,3,1.0
101,3,1.0
102,3,1.0
103,3,1.0
104,3,2.0
105,3,1.0
106,3,1.0
107,3,1.0
108,3,1.0
109,3,1.0
110,3,1.0
111,3,1.0
112,3,1.0
113,3,1.0
114,3,1.0
115,3,1.0
116,3,1.0
117,3,1.0
118,3,1.0
119,3,1.0
0,4,1.0
1,4,1.0
2,4,2.0
3,4,2.0
4,4,2.0
5,4,2.0
6,4,1.0
7,4,1.0
8,4,1.0
9,4,2.0
10,4,1.0
11,4,1.0
12,4,1.0
13,4,1.0
14,4,1.0
15,4,1.0
16,4,1.0
17,4,1.0
18,4,1.0
19,4,1.0
20,4,1.0
21,4,1.0
22,4,1.0
23,4,1.0
24,4,2.0
25,4,2.0
26,4,1.0
27,4,2.0
28,4,1.0
29,4,1.0
30,4,1.0
31,4,1.0
32,4,1.0
33,4,1.0
34,4,1.0
35,4,1.0
36,4,1.0
37,4,1.0
38,4,1.0
39,4,2.0
40,4,1.0
41,4,1.0
42,4,1.0
43,4,2.0
44,4,2.0
45,4,1.0
46,4,1.0
47,4,2.0
48,4,1.0
49,4,1.0
50,4,1.0
51,4,1.0
52,4,1.0
53,4,1.0
54,4,2.0
55,4,1.0
56,4,1.0
57,4,1.0
58,4,1.0
59,4,1.0
60,4,1.0
61,4,1.0
62,4,1.0
63,4,1.0
64,4,1.0
65,4,1.0
66,4,2.0
67,4,2.0
68,4,1.0
69,4,2.0
70,4,1.0
71,4,1.0
72,4,1.0
73,4,1.0
74,4,1.0
75,4,1.0
76,4,1.0
77,4,1.0
78,4,1.0
79,4,2.0
80,4,1.0
81,4,1.0
82,4,1.0
83,4,1.0
84,4,1.0
85,4,2.0
86,4,1.0
87,4,1.0
88,4,1.0
89,4,1.0
90,4,1.0
91,4,1.0
92,4,1.0
93,4,1.0
94,4,2.0
95,4,1.0
96,4,1.0
97,4,1.0
98,4,1.0
99,4,2.0
100,4,1.0
101,4,1.0
102,4,2.0
103,4,1.0
104,4,1.0
105,4,2.0
106,4,2.0
107,4,1.0
108,4,2.0
109,4,1.0
110,4,1.0
111,4,1.0
112,4,1.0
113,4,2.0
114,4,1.0
115,4,1.0
116,4,1.0
117,4,1.0
118,4,1.0
119,4,1.0
0,5,2.0
1,5,2.0
2,5,2.0
3,5,2.0
4,5,2.0
5,5,2.0
6,5,2.0
7,5,2.0
8,5,2.0
9,5,2.0
10,5,2.0
11,5,2.0
12,5,2.0
13,5,2.0
14,5,2.0
15,5,2.0
16,5,2.0
17,5,2.0
18,5,2.0
19,5,2.0
20,5,2.0
21,5,2.0
22,5,2.0
23,5,2.0
24,5,2.0
25,5,3.0
26,5,2.0
27,5,3.0
28,5,2.0
29,5,2.0
30,5,2.0
31,5,2.0
32,5,1.0
33,5,2.0
34,5,2.0
35,5,2.0
36,5,2.0
37,5,2.0
38,5,2.0
39,5,2.0
40,5,2.0
41,5,1.0
42,5,2.0
43,5,2.0
44,5,2.0
45,5,2.0
46,5,2.0
47,5,2.0
48,5,2.0
49,5,2.0
50,5,2.0
51,5,2.0
52,5,2.0
53,5,2.0
54,5,2.0
55,5,2.0
56,5,1.0
57,5,2.0
58,5,2.0
59,5,2.0
60,5,2.0
61,5,2.0
62,5,2.0
63,5,2.0
64,5,2.0
65,5,2.0
66,5,2.0
67,5,2.0
68,5,2.0
69,5,2.0
70,5,2.0
71,5,2.0
72,5,2.0
73,5,2.0
74,5,2.0
75,5,2.0
76,5,2.0
77,5,2.0
78,5,2.0
79,5,2.0
80,5,2.0
81,5,2.0
82,5,2.0
83,5,2.0
84,5,2.0
85,5,2.0
86,5,2.0
87,5,2.0
88,5,2.0
89,5,2.0
90,5,2.0
91,5,2.0
92,5,2.0
93,5,2.0
94,5,2.0
95,5,2.0
96,5,2.0
97,5,2.0
98,5,2.0
99,5,2.0
100,5,2.0
101,5,2.0
102,5,2.0
103,5,2.0
104,5,2.0
105,5,2.0
106,5,2.0
107,5,2.0
108,5,3.0
109,5,2.0
110,5,2.0
111,5,2.0
112,5,2.0
113,5,2.0
114,5,2.0
115,5,1.0
116,5,2.0
117,5,2.0
118,5,2.0
119,5,2.0
0,6,2.0
1,6,2.0
2,6,2.0
3,6,2.0
4,6,1.0
5,6,2.0
6,6,2.0
7,6,2.0
8,6,1.0
9,6,2.0
10,6,2.0
11,6,2.0
12,6,2.0
13,6,2.0
14,6,2.0
15,6,1.0
16,6,2.0
17,6,2.0
18,6,1.0
19,6,2.0
20,6,2.0
21,6,1.0
22,6,2.0
23,6,2.0
24,6,2.0
25,6,1.0
26,6,2.0
27,6,2.0
28,6,2.0
29,6,2.0
30,6,2.0
31,6,2.0
32,6,2.0
33,6,2.0
34,6,2.0
35,6,2.0
36,6,2.0
37,6,1.0
38,6,2.0
39,6,2.0
40,6,2.0
41,6,2.0
42,6,2.0
43,6,2.0
44,6,1.0
45,6,1.0
46,6,2.0
47,6,2.0
48,6,2.0
49,6,2.0
50,6,2.0
51,6,2.0
52,6,2.0
53,6,2.0
54,6,2.0
55,6,2.0
56,6,2.0
57,6,2.0
58,6,2.0
59,6,2.0
60,6,2.0
61,6,2.0
62,6,2.0
63,6,2.0
64,6,2.0
65,6,2.0
66,6,2.0
67,6,2.0
68,6,2.0
69,6,2.0
70,6,1.0
71,6,2.0
72,6,1.0
73,6,2.0
74,6,2.0
75,6,2.0
76,6,2.0
77,6,2.0
78,6,2.0
79,6,2.0
80,6,2.0
81,6,2.0
82,6,2.0
83,6,2.0
84,6,1.0
85,6,2.0
86,6,2.0
87,6,1.0
88,6,2.0
89,6,1.0
90,6,2.0
91,6,2.0
92,6,1.0
93,6,2.0
94,6,2.0
95,6,2.0
96,6,2.0
97,6,2.0
98,6,1.0
99,6,2.0
100,6,1.0
101,6,2.0
102,6,2.0
103,6,2.0
104,6,2.0
105,6,2.0
106,6,2.0
107,6,2.0
108,6,2.0
109,6,2.0
110,6,2.0
111,6,2.0
112,6,1.0
113,6,2.0
114,6,1.0
115,6,2.0
116,6,2.0
117,6,2.0
118,6,2.0
119,6,2.0
0,7,2.0
1,7,1.0
2,7,2.0
3,7,2.0
4,7,2.0
5,7,2.0
6,7,1.0
7,7,2.0
8,7,1.0
9,7,1.0
10,7,2.0
11,7,2.0
12,7,2.0
13,7,1.0
14,7,1.0
15,7,1.0
16,7,1.0
17,7,1.0
18,7,1.0
19,7,2.0
20,7,2.0
21,7,1.0
22,7,1.0
23,7,2.0
24,7,2.0
25,7,2.0
26,7,2.0
27,7,2.0
28,7,2.0
29,7,2.0
30,7,2.0
31,7,1.0
32,7,2.0
33,7,1.0
34,7,2.0
35,7,2.0
36,7,2.0
37,7,1.0
38,7,2.0
39,7,2.0
40,7,1.0
41,7,2.0
42,7,1.0
43,7,2.0
44,7,2.0
45,7,2.0
46,7,2.0
47,7,2.0
48,7,2.0
49,7,2.0
50,7,1.0
51,7,2.0
52,7,2.0
53,7,2.0
54,7,2.0
55,7,2.0
56,7,2.0
57,7,2.0
58,7,2.0
59,7,1.0
60,7,2.0
61,7,1.0
62,7,1.0
63,7,1.0
64,7,1.0
65,7,1.0
66,7,2.0
67,7,2.0
68,7,2.0
69,7,2.0
70,7,1.0
71,7,1.0
72,7,1.0
73,7,1.0
74,7,2.0
75,7,1.0
76,7,2.0
77,7,1.0
78,7,2.0
79,7,2.0
80,7,2.0
81,7,2.0
82,7,2.0
83,7,1.0
84,7,1.0
85,7,1.0
86,7,2.0
87,7,1.0
88,7,2.0
89,7,1.0
90,7,1.0
91,7,2.0
92,7,1.0
93,7,1.0
94,7,2.0
95,7,2.0
96,7,2.0
97,7,2.0
98,7,2.0
99,7,2.0
100,7,1.0
101,7,2.0
102,7,2.0
103,7,2.0
104,7,2.0
105,7,2.0
106,7,2.0
107,7,2.0
108,7,1.0
109,7,2.0
110,7,2.0
111,7,2.0
112,7,1.0
113,7,2.0
114,7,1.0
115,7,2.0
116,7,2.0
117,7,2.0
118,7,2.0
119,7,2.0
0,8,2.0
1,8,2.0
2,8,2.0
3,8,2.0
4,8,2.0
5,8,2.0
6,8,2.0
7,8,2.0
8,8,2.0
9,8,2.0
10,8,2.0
11,8,2.0
12,8,2.0
13,8,2.0
14,8,2.0
15,8,2.0
16,8,2.0
17,8,2.0
18,8,2.0
19,8,2.0
20,8,2.0
21,8,2.0
22,8,2.0
23,8,2.0
24,8,2.0
25,8,1.0
26,8,2.0
27,8,1.0
28,8,2.0
29,8,2.0
30,8,2.0
31,8,2.0
32,8,2.0
33,8,2.0
34,8,2.0
35,8,2.0
36,8,2.0
37,8,2.0
38,8,2.0
39,8,2.0
40,8,2.0
41,8,2.0
42,8,2.0
43,8,2.0
44,8,1.0
45,8,2.0
46,8,2.0
47,8,2.0
48,8,2.0
49,8,2.0
50,8,2.0
51,8,2.0
52,8,2.0
53,8,2.0
54,8,1.0
55,8,2.0
56,8,2.0
57,8,2.0
58,8,2.0
59,8,2.0
60,8,2.0
61,8,2.0
62,8,2.0
63,8,2.0
64,8,2.0
65,8,2.0
66,8,2.0
67,8,2.0
68,8,2.0
69,8,2.0
70,8,2.0
71,8,2.0
72,8,2.0
73,8,2.0
74,8,2.0
75,8,2.0
76,8,2.0
77,8,2.0
78,8,2.0
79,8,2.0
80,8,2.0
81,8,2.0
82,8,2.0
83,8,2.0
84,8,2.0
85,8,1.0
86,8,2.0
87,8,2.0
88,8,2.0
89,8,2.0
90,8,2.0
91,8,2.0
92,8,2.0
93,8,2.0
94,8,2.0
95,8,2.0
96,8,2.0
97,8,2.0
98,8,2.0
99,8,2.0
100,8,2.0
101,8,2.0
102,8,2.0
103,8,2.0
104,8,2.0
105,8,2.0
106,8,2.0
107,8,2.0
108,8,1.0
109,8,2.0
110,8,2.0
111,8,2.0
112,8,2.0
113,8,2.0
114,8,2.0
115,8,3.0
116,8,2.0
117,8,2.0
118,8,2.0
119,8,2.0
0,9,3.0
1,9,3.0
2,9,3.0
3,9,3.0
4,9,3.0
5,9,3.0
6,9,3.0
7,9,3.0
8,9,3.0
9,9,3.0
10,9,4.0
11,9,4.0
12,9,3.0
13,9,3.0
14,9,3.0
15,9,3.0
16,9,3.0
17,9,3.0
18,9,3.0
19,9,3.0
20,9,3.0
21,9,3.0
22,9,3.0
23,9,4.0
24,9,3.0
25,9,4.0
26,9,3.0
27,9,4.0
28,9,3.0
29,9,4.0
30,9,3.0
31,9,3.0
32,9,3.0
33,9,3.0
34,9,3.0
35,9,4.0
36,9,3.0
37,9,3.0
38,9,3.0
39,9,3.0
40,9,3.0
41,9,4.0
42,9,3.0
43,9,4.0
44,9,4.0
45,9,4.0
46,9,3.0
47,9,4.0
48,9,3.0
49,9,3.0
50,9,3.0
51,9,3.0
52,9,3.0
53,9,3.0
54,9,3.0
55,9,3.0
56,9,3.0
57,9,3.0
58,9,3.0
59,9,3.0
60,9,3.0
61,9,3.0
62,9,3.0
63,9,3.0
64,9,3.0
65,9,3.0
66,9,4.0
67,9,3.0
68,9,3.0
69,9,3.0
70,9,3.0
71,9,3.0
72,9,3.0
73,9,3.0
74,9,4.0
75,9,3.0
76,9,3.0
77,9,3.0
78,9,3.0
79,9,4.0
80,9,3.0
81,9,4.0
82,9,4.0
83,9,3.0
84,9,3.0
85,9,3.0
86,9,4.0
87,9,3.0
88,9,3.0
89,9,3.0
90,9,3.0
91,9,3.0
92,9,3.0
93,9,3.0
94,9,4.0
95,9,3.0
96,9,3.0
97,9,3.0
98,9,3.0
99,9,3.0
100,9,3.0
101,9,3.0
102,9,3.0
103,9,4.0
104,9,3.0
105,9,3.0
106,9,3.0
107,9,3.0
108,9,3.0
109,9,3.0
110,9,3.0
111,9,3.0
112,9,3.0
113,9,3.0
114,9,3.0
115,9,3.0
116,9,4.0
117,9,3.0
118,9,4.0
119,9,3.0
0,10,2.0
1,10,2.0
2,10,1.0
3,10,2.0
4,10,2.0
5,10,2.0
6,10,2.0
7,10,2.0
8,10,2.0
9,10,2.0
10,10,2.0
11,10,2.0
12,10,2.0
13,10,2.0
14,10,1.0
15,10,2.0
16,10,1.0
17,10,2.0
18,10,2.0
19,10,2.0
20,10,2.0
21,10,2.0
22,10,2.0
23,10,2.0
24,10,2.0
25,10,2.0
26,10,2.0
27,10,2.0
28,10,2.0
29,10,2.0
30,10,2.0
31,10,2.0
32,10,2.0
33,10,1.0
34,10,2.0
35,10,2.0
36,10,2.0
37,10,2.0
38,10,2.0
39,10,2.0
40,10,2.0
41,10,2.0
42,10,2.0
43,10,2.0
44,10,2.0
45,10,2.0
46,10,2.0
47,10,2.0
48,10,2.0
49,10,2.0
50,10,1.0
51,10,2.0
52,10,2.0
53,10,2.0
54,10,2.0
55,10,2.0
56,10,2.0
57,10,2.0
58,10,2.0
59,10,2.0
60,10,2.0
61,10,2.0
62,10,2.0
63,10,2.0
64,10,2.0
65,10,2.0
66,10,2.0
67,10,2.0
68,10,2.0
69,10,2.0
70,10,2.0
71,10,2.0
72,10,2.0
73,10,2.0
74,10,2.0
75,10,2.0
76,10,2.0
77,10,2.0
78,10,2.0
79,10,2.0
80,10,2.0
81,10,2.0
82,10,2.0
83,10,2.0
84,10,2.0
85,10,2.0
86,10,2.0
87,10,2.0
88,10,2.0
89,10,2.0
90,10,2.0
91,10,2.0
92,10,2.0
93,10,2.0
94,10,3.0
95,10,2.0
96,10,2.0
97,10,2.0
98,10,2.0
99,10,2.0
100,10,2.0
101,10,2.0
102,10,2.0
103,10,2.0
104,10,2.0
105,10,2.0
106,10,2.0
107,10,2.0
108,10,2.0
109,10,2.0
110,10,2.0
111,10,2.0
112,10,2.0
113,10,2.0
114,10,2.0
115,10,2.0
116,10,2.0
117,10,2.0
118,10,2.0
119,10,2.0
0,11,3.0
1,11,3.0
2,11,3.0
3,11,3.0
4,11,3.0
5,11,3.0
6,11,3.0
7,11,3.0
8,11,3.0
9,11,3.0
10,11,3.0
11,11,3.0
12,11,3.0
13,11,3.0
14,11,3.0
15,11,3.0
16,11,3.0
17,11,3.0
18,11,3.0
19,11,3.0
20,11,3.0
21,11,3.0
22,11,3.0
23,11,3.0
24,11,3.0
25,11,3.0
26,11,3.0
27,11,3.0
28,11,3.0
29,11,3.0
30,11,3.0
31,11,3.0
32,11,3.0
33,11,3.0
34,11,3.0
35,11,3.0
36,11,3.0
37,11,3.0
38,11,3.0
39,11,3.0
40,11,3.0
41,11,4.0
42,11,3.0
43,11,3.0
44,11,3.0
45,11,3.0
46,11,3.0
47,11,3.0
48,11,3.0
49,11,3.0
50,11,3.0
51,11,3.0
52,11,3.0
53,11,3.0
54,11,3.0
55,11,3.0
56,11,3.0
57,11,3.0
58,11,3.0
59,11,3.0
60,11,3.0
61,11,3.0
62,11,3.0
63,11,3.0
64,11,3.0
65,11,3.0
66,11,3.0
67,11,3.0
68,11,3.0
69,11,3.0
70,11,3.0
71,11,3.0
72,11,3.0
73,11,3.0
74,11,3.0
75,11,3.0
76,11,3.0
77,11,3.0
78,11,3.0
79,11,3.0
80,11,3.0
81,11,3.0
82,11,3.0
83,11,3.0
84,11,3.0
85,11,3.0
86,11,3.0
87,11,3.0
88,11,3.0
89,11,3.0
90,11,3.0
91,11,3.0
92,11,3.0
93,11,3.0
94,11,3.0
95,11,3.0
96,11,3.0
97,11,3.0
98,11,3.0
99,11,3.0
100,11,3.0
101,11,3.0
102,11,3.0
103,11,3.0
104,11,3.0
105,11,3.0
106,11,3.0
107,11,3.0
108,11,3.0
109,11,3.0
110,11,3.0
111,11,3.0
112,11,3.0
113,11,3.0
114,11,3.0
115,11,3.0
116,11,3.0
117,11,3.0
118,11,3.0
119,11,3.0
0,12,2.0
1,12,2.0
2,12,2.0
3,12,2.0
4,12,3.0
5,12,2.0
6,12,2.0
7,12,2.0
8,12,2.0
9,12,2.0
10,12,2.0
11,12,2.0
12,12,2.0
13,12,2.0
14,12,2.0
15,12,2.0
16,12,2.0
17,12,2.0
18,12,2.0
19,12,2.0
20,12,2.0
21,12,2.0
22,12,2.0
23,12,2.0
24,12,3.0
25,12,3.0
26,12,2.0
27,12,3.0
28,12,2.0
29,12,2.0
30,12,2.0
31,12,2.0
32,12,2.0
33,12,2.0
34,12,2.0
35,12,2.0
36,12,2.0
37,12,2.0
38,12,2.0
39,12,3.0
40,12,2.0
41,12,2.0
42,12,2.0
43,12,3.0
44,12,3.0
45,12,2.0
46,12,2.0
47,12,3.0
48,12,2.0
49,12,2.0
50,12,2.0
51,12,2.0
52,12,2.0
53,12,1.0
54,12,3.0
55,12,2.0
56,12,2.0
57,12,2.0
58,12,2.0
59,12,2.0
60,12,2.0
61,12,2.0
62,12,2.0
63,12,2.0
64,12,2.0
65,12,2.0
66,12,2.0
67,12,2.0
68,12,2.0
69,12,2.0
70,12,2.0
71,12,2.0
72,12,2.0
73,12,2.0
74,12,2.0
75,12,2.0
76,12,2.0
77,12,2.0
78,12,2.0
79,12,3.0
80,12,2.0
81,12,2.0
82,12,2.0
83,12,2.0
84,12,2.0
85,12,3.0
86,12,2.0
87,12,2.0
88,12,2.0
89,12,2.0
90,12,2.0
91,12,2.0
92,12,2.0
93,12,2.0
94,12,3.0
95,12,2.0
96,12,2.0
97,12,2.0
98,12,2.0
99,12,2.0
100,12,2.0
101,12,2.0
102,12,2.0
103,12,2.0
104,12,2.0
105,12,2.0
106,12,3.0
107,12,2.0
108,12,3.0
109,12,2.0
110,12,2.0
111,12,2.0
112,12,2.0
113,12,2.0
114,12,2.0
115,12,2.0
116,12,2.0
117,12,2.0
118,12,2.0
119,12,2.0
0,13,2.0
1,13,2.0
2,13,2.0
3,13,2.0
4,13,2.0
5,13,2.0
6,13,2.0
7,13,2.0
8,13,2.0
9,13,2.0
10,13,2.0
11,13,2.0
12,13,2.0
13,13,2.0
14,13,2.0
15,13,2.0
16,13,2.0
17,13,2.0
18,13,2.0
19,13,2.0
20,13,2.0
21,13,2.0
22,13,3.0
23,13,2.0
24,13,2.0
25,13,2.0
26,13,2.0
27,13,2.0
28,13,2.0
29,13,2.0
30,13,2.0
31,13,2.0
32,13,2.0
33,13,2.0
34,13,2.0
35,13,2.0
36,13,2.0
37,13,2.0
38,13,2.0
39,13,2.0
40,13,2.0
41,13,2.0
42,13,2.0
43,13,2.0
44,13,1.0
45,13,2.0
46,13,2.0
47,13,2.0
48,13,2.0
49,13,2.0
50,13,3.0
51,13,2.0
52,13,2.0
53,13,2.0
54,13,2.0
55,13,2.0
56,13,2.0
57,13,2.0
58,13,2.0
59,13,2.0
60,13,2.0
61,13,2.0
62,13,2.0
63,13,2.0
64,13,2.0
65,13,2.0
66,13,2.0
67,13,2.0
68,13,2.0
69,13,2.0
70,13,2.0
71,13,2.0
72,13,2.0
73,13,2.0
74,13,2.0
75,13,3.0
76,13,2.0
77,13,2.0
78,13,2.0
79,13,2.0
80,13,2.0
81,13,2.0
82,13,2.0
83,13,2.0
84,13,2.0
85,13,2.0
86,13,2.0
87,13,2.0
88,13,2.0
89,13,2.0
90,13,2.0
91,13,2.0
92,13,2.0
93,13,2.0
94,13,2.0
95,13,3.0
96,13,2.0
97,13,2.0
98,13,2.0
99,13,2.0
100,13,2.0
101,13,2.0
102,13,2.0
103,13,2.0
104,13,2.0
105,13,3.0
106,13,2.0
107,13,2.0
108,13,2.0
109,13,2.0
110,13,2.0
111,13,2.0
112,13,2.0
113,13,2.0
114,13,2.0
115,13,2.0
116,13,2.0
117,13,2.0
118,13,2.0
119,13,2.0
0,14,2.0
1,14,2.0
2,14,2.0
3,14,2.0
4,14,2.0
5,14,2.0
6,14,2.0
7,14,2.0
8,14,2.0
9,14,2.0
10,14,2.0
11,14,2.0
12,14,2.0
13,14,2.0
14,14,2.0
15,14,2.0
16,14,2.0
17,14,2.0
18,14,2.0
19,14,2.0
20,14,2.0
21,14,2.0
22,14,2.0
23,14,2.0
24,14,2.0
25,14,2.0
26,14,2.0
27,14,2.0
28,14,2.0
29,14,2.0
30,14,2.0
31,14,2.0
32,14,2.0
33,14,2.0
34,14,2.0
35,14,2.0
36,14,2.0
37,14,2.0
38,14,2.0
39,14,2.0
40,14,2.0
41,14,2.0
42,14,2.0
43,14,2.0
44,14,2.0
45,14,2.0
46,14,2.0
47,14,2.0
48,14,2.0
49,14,2.0
50,14,2.0
51,14,2.0
52,14,2.0
53,14,2.0
54,14,2.0
55,14,2.0
56,14,2.0
57,14,2.0
58,14,2.0
59,14,2.0
60,14,2.0
61,14,2.0
62,14,2.0
63,14,2.0
64,14,2.0
65,14,2.0
66,14,2.0
67,14,2.0
68,14,2.0
69,14,2.0
70,14,2.0
71,14,2.0
72,14,2.0
73,14,2.0
74,14,2.0
75,14,2.0
76,14,2.0
77,14,2.0
78,14,2.0
79,14,2.0
80,14,2.0
81,14,2.0
82,14,2.0
83,14,2.0
84,14,2.0
85,14,2.0
86,14,2.0
87,14,2.0
88,14,2.0
89,14,2.0
90,14,2.0
91,14,2.0
92,14,2.0
93,14,2.0
94,14,2.0
95,14,2.0
96,14,2.0
97,14,2.0
98,14,2.0
99,14,2.0
100,14,2.0
101,14,2.0
102,14,2.0
103,14,2.0
104,14,2.0
105,14,2.0
106,14,2.0
107,14,2.0
108,14,2.0
109,14,2.0
110,14,2.0
111,14,2.0
112,14,2.0
113,14,2.0
114,14,2.0
115,14,2.0
116,14,2.0
117,14,2.0
118,14,2.0
119,14,2.0
0,15,2.0
1,15,2.0
2,15,2.0
3,15,2.0
4,15,2.0
5,15,2.0
6,15,1.0
7,15,2.0
8,15,2.0
9,15,2.0
10,15,2.0
11,15,2.0
12,15,2.0
13,15,2.0
14,15,2.0
15,15,2.0
16,15,2.0
17,15,2.0
18,15,2.0
19,15,2.0
20,15,2.0
21,15,2.0
22,15,1.0
23,15,2.0
24,15,2.0
25,15,2.0
26,15,2.0
27,15,2.0
28,15,2.0
29,15,2.0
30,15,2.0
31,15,2.0
32,15,1.0
33,15,2.0
34,15,2.0
35,15,1.0
36,15,2.0
37,15,2.0
38,15,2.0
39,15,2.0
40,15,2.0
41,15,1.0
42,15,2.0
43,15,2.0
44,15,2.0
45,15,2.0
46,15,1.0
47,15,2.0
48,15,2.0
49,15,2.0
50,15,2.0
51,15,1.0
52,15,2.0
53,15,2.0
54,15,2.0
55,15,2.0
56,15,1.0
57,15,2.0
58,15,2.0
59,15,2.0
60,15,2.0
61,15,2.0
62,15,1.0
63,15,2.0
64,15,2.0
65,15,1.0
66,15,2.0
67,15,2.0
68,15,2.0
69,15,2.0
70,15,2.0
71,15,2.0
72,15,2.0
73,15,2.0
74,15,1.0
75,15,2.0
76,15,2.0
77,15,2.0
78,15,1.0
79,15,2.0
80,15,2.0
81,15,2.0
82,15,2.0
83,15,1.0
84,15,2.0
85,15,2.0
86,15,1.0
87,15,2.0
88,15,2.0
89,15,2.0
90,15,2.0
91,15,2.0
92,15,2.0
93,15,2.0
94,15,2.0
95,15,1.0
96,15,2.0
97,15,1.0
98,15,1.0
99,15,2.0
100,15,2.0
101,15,2.0
102,15,2.0
103,15,2.0
104,15,2.0
105,15,2.0
106,15,2.0
107,15,2.0
108,15,2.0
109,15,2.0
110,15,2.0
111,15,2.0
112,15,1.0
113,15,2.0
114,15,2.0
115,15,1.0
116,15,2.0
117,15,2.0
118,15,2.0
119,15,2.0
0,16,2.0
1,16,2.0
2,16,2.0
3,16,2.0
4,16,2.0
5,16,2.0
6,16,2.0
7,16,2.0
8,16,2.0
9,16,2.0
10,16,2.0
11,16,2.0
12,16,2.0
13,16,2.0
14,16,2.0
15,16,2.0
16,16,2.0
17,16,2.0
18,16,2.0
19,16,2.0
20,16,2.0
21,16,2.0
22,16,2.0
23,16,2.0
24,16,2.0
25,16,2.0
26,16,2.0
27,16,2.0
28,16,2.0
29,16,2.0
30,16,2.0
31,16,2.0
32,16,2.0
33,16,2.0
34,16,2.0
35,16,2.0
36,16,2.0
37,16,2.0
38,16,2.0
39,16,2.0
40,16,2.0
41,16,2.0
42,16,2.0
43,16,2.0
44,16,2.0
45,16,2.0
46,16,2.0
47,16,2.0
48,16,2.0
49,16,2.0
50,16,2.0
51,16,2.0
52,16,2.0
53,16,2.0
54,16,2.0
55,16,2.0
56,16,2.0
57,16,2.0
58,16,2.0
59,16,2.0
60,16,2.0
61,16,2.0
62,16,2.0
63,16,2.0
64,16,2.0
65,16,2.0
66,16,2.0
67,16,2.0
68,16,2.0
69,16,2.0
70,16,2.0
71,16,2.0
72,16,2.0
73,16,2.0
74,16,2.0
75,16,2.0
76,16,2.0
77,16,2.0
78,16,2.0
79,16,2.0
80,16,2.0
81,16,2.0
82,16,2.0
83,16,2.0
84,16,2.0
85,16,2.0
86,16,2.0
87,16,2.0
88,16,2.0
89,16,2.0
90,16,2.0
91,16,2.0
92,16,2.0
93,16,2.0
94,16,2.0
95,16,1.0
96,16,2.0
97,16,2.0
98,16,2.0
99,16,2.0
100,16,2.0
101,16,2.0
102,16,2.0
103,16,2.0
104,16,2.0
105,16,2.0
106,16,2.0
107,16,2.0
108,16,2.0
109,16,2.0
110,16,2.0
111,16,2.0
112,16,2.0
113,16,2.0
114,16,2.0
115,16,2.0
116,16,2.0
117,16,2.0
118,16,2.0
119,16,2.0
0,17,3.0
1,17,2.0
2,17,2.0
3,17,2.0
4,17,2.0
5,17,2.0
6,17,2.0
7,17,2.0
8,17,2.0
9,17,3.0
10,17,3.0
11,17,3.0
12,17,2.0
13,17,3.0
14,17,3.0
15,17,2.0
16,17,3.0
17,17,2.0
18,17,2.0
19,17,3.0
20,17,2.0
21,17,3.0
22,17,3.0
23,17,3.0
24,17,2.0
25,17,2.0
26,17,3.0
27,17,3.0
28,17,2.0
29,17,2.0
30,17,3.0
31,17,2.0
32,17,2.0
33,17,2.0
34,17,3.0
35,17,2.0
36,17,3.0
37,17,2.0
38,17,2.0
39,17,3.0
40,17,3.0
41,17,3.0
42,17,3.0
43,17,2.0
44,17,2.0
45,17,2.0
46,17,3.0
47,17,2.0
48,17,3.0
49,17,3.0
50,17,3.0
51,17,3.0
52,17,2.0
53,17,2.0
54,17,2.0
55,17,3.0
56,17,2.0
57,17,3.0
58,17,3.0
59,17,3.0
60,17,3.0
61,17,3.0
62,17,3.0
63,17,3.0
64,17,3.0
65,17,3.0
66,17,2.0
67,17,3.0
68,17,3.0
69,17,2.0
70,17,2.0
71,17,3.0
72,17,3.0
73,17,3.0
74,17,3.0
75,17,3.0
76,17,2.0
77,17,3.0
78,17,3.0
79,17,3.0
80,17,3.0
81,17,3.0
82,17,3.0
83,17,3.0
84,17,3.0
85,17,3.0
86,17,3.0
87,17,2.0
88,17,2.0
89,17,2.0
90,17,3.0
91,17,2.0
92,17,2.0
93,17,3.0
94,17,3.0
95,17,3.0
96,17,3.0
97,17,3.0
98,17,2.0
99,17,2.0
100,17,2.0
101,17,3.0
102,17,2.0
103,17,2.0
104,17,3.0
105,17,3.0
106,17,2.0
107,17,3.0
108,17,3.0
109,17,3.0
110,17,3.0
111,17,3.0
112,17,2.0
113,17,2.0
114,17,2.0
115,17,2.0
116,17,3.0
117,17,3.0
118,17,3.0
119,17,2.0
0,18,3.0
1,18,2.0
2,18,2.0
3,18,3.0
4,18,3.0
5,18,3.0
6,18,3.0
7,18,3.0
8,18,2.0
9,18,2.0
10,18,3.0
11,18,3.0
12,18,3.0
13,18,3.0
14,18,2.0
15,18,2.0
16,18,2.0
17,18,3.0
18,18,2.0
19,18,2.0
20,18,3.0
21,18,2.0
22,18,2.0
23,18,3.0
24,18,3.0
25,18,3.0
26,18,2.0
27,18,3.0
28,18,3.0
29,18,3.0
30,18,3.0
31,18,2.0
32,18,3.0
33,18,2.0
34,18,3.0
35,18,3.0
36,18,3.0
37,18,2.0
38,18,2.0
39,18,3.0
40,18,2.0
41,18,4.0
42,18,2.0
43,18,3.0
44,18,3.0
45,18,3.0
46,18,3.0
47,18,3.0
48,18,2.0
49,18,3.0
50,18,2.0
51,18,3.0
52,18,3.0
53,18,2.0
54,18,3.0
55,18,2.0
56,18,3.0
57,18,3.0
58,18,3.0
59,18,3.0
60,18,3.0
61,18,2.0
62,18,3.0
63,18,2.0
64,18,2.0
65,18,3.0
66,18,3.0
67,18,3.0
68,18,2.0
69,18,3.0
70,18,2.0
71,18,2.0
72,18,3.0
73,18,2.0
74,18,3.0
75,18,2.0
76,18,2.0
77,18,2.0
78,18,3.0
79,18,3.0
80,18,3.0
81,18,3.0
82,18,3.0
83,18,2.0
84,18,2.0
85,18,2.0
86,18,3.0
87,18,2.0
88,18,2.0
89,18,2.0
90,18,2.0
91,18,2.0
92,18,2.0
93,18,2.0
94,18,4.0
95,18,3.0
96,18,3.0
97,18,3.0
98,18,3.0
99,18,3.0
100,18,2.0
101,18,2.0
102,18,3.0
103,18,3.0
104,18,2.0
105,18,3.0
106,18,3.0
107,18,3.0
108,18,2.0
109,18,2.0
110,18,3.0
111,18,3.0
112,18,3.0
113,18,3.0
114,18,3.0
115,18,3.0
116,18,3.0
117,18,2.0
118,18,3.0
119,18,3.0
0,19,3.0
1,19,2.0
2,19,2.0
3,19,2.0
4,19,2.0
5,19,2.0
6,19,2.0
7,19,3.0
8,19,2.0
9,19,2.0
10,19,3.0
11,19,3.0
12,19,3.0
13,19,2.0
14,19,2.0
15,19,2.0
16,19,2.0
17,19,2.0
18,19,2.0
19,19,2.0
20,19,2.0
21,19,2.0
22,19,3.0
23,19,3.0
24,19,2.0
25,19,3.0
26,19,2.0
27,19,3.0
28,19,3.0
29,19,3.0
30,19,3.0
31,19,2.0
32,19,2.0
33,19,2.0
34,19,3.0
35,19,2.0
36,19,3.0
37,19,2.0
38,19,2.0
39,19,2.0
40,19,2.0
41,19,3.0
42,19,2.0
43,19,3.0
44,19,2.0
45,19,3.0
46,19,3.0
47,19,2.0
48,19,2.0
49,19,3.0
50,19,2.0
51,19,3.0
52,19,3.0
53,19,3.0
54,19,2.0
55,19,3.0
56,19,2.0
57,19,2.0
58,19,3.0
59,19,3.0
60,19,2.0
61,19,3.0
62,19,3.0
63,19,3.0
64,19,3.0
65,19,2.0
66,19,2.0
67,19,3.0
68,19,2.0
69,19,3.0
70,19,2.0
71,19,2.0
72,19,3.0
73,19,2.0
74,19,3.0
75,19,3.0
76,19,3.0
77,19,2.0
78,19,3.0
79,19,2.0
80,19,2.0
81,19,3.0
82,19,3.0
83,19,3.0
84,19,3.0
85,19,2.0
86,19,3.0
87,19,2.0
88,19,3.0
89,19,2.0
90,19,3.0
91,19,2.0
92,19,3.0
93,19,2.0
94,19,3.0
95,19,3.0
96,19,3.0
97,19,3.0
98,19,2.0
99,19,2.0
100,19,3.0
101,19,3.0
102,19,2.0
103,19,3.0
104,19,2.0
105,19,2.0
106,19,2.0
107,19,3.0
108,19,2.0
109,19,2.0
110,19,2.0
111,19,3.0
112,19,2.0
113,19,2.0
114,19,2.0
115,19,2.0
116,19,3.0
117,19,3.0
118,19,3.0
119,19,3.0
0,20,3.0
1,20,4.0
2,20,3.0
3,20,3.0
4,20,3.0
5,20,3.0
6,20,4.0
7,20,4.0
8,20,3.0
9,20,3.0
10,20,4.0
11,20,3.0
12,20,4.0
13,20,3.0
14,20,3.0
15,20,3.0
16,20,3.0
17,20,4.0
18,20,3.0
19,20,3.0
20,20,3.0
21,20,4.0
22,20,4.0
23,20,4.0
24,20,3.0
25,20,3.0
26,20,4.0
27,20,3.0
28,20,4.0
29,20,3.0
30,20,4.0
31,20,4.0
32,20,4.0
33,20,3.0
34,20,4.0
35,20,4.0
36,20,3.0
37,20,3.0
38,20,4.0
39,20,3.0
40,20,3.0
41,20,4.0
42,20,3.0
43,20,3.0
44,20,3.0
45,20,4.0
46,20,4.0
47,20,3.0
48,20,3.0
49,20,4.0
50,20,3.0
51,20,4.0
52,20,4.0
53,20,4.0
54,20,3.0
55,20,3.0
56,20,4.0
57,20,3.0
58,20,4.0
59,20,4.0
60,20,3.0
61,20,4.0
62,20,4.0
63,20,4.0
64,20,3.0
65,20,4.0
66,20,3.0
67,20,3.0
68,20,3.0
69,20,3.0
70,20,4.0
71,20,3.0
72,20,4.0
73,20,3.0
74,20,4.0
75,20,4.0
76,20,3.0
77,20,3.0
78,20,4.0
79,20,3.0
80,20,3.0
81,20,3.0
82,20,4.0
83,20,4.0
84,20,4.0
85,20,3.0
86,20,4.0
87,20,4.0
88,20,3.0
89,20,3.0
90,20,4.0
91,20,3.0
92,20,3.0
93,20,3.0
94,20,4.0
95,20,4.0
96,20,3.0
97,20,4.0
98,20,4.0
99,20,3.0
100,20,4.0
101,20,3.0
102,20,3.0
103,20,4.0
104,20,3.0
105,20,3.0
106,20,3.0
107,20,3.0
108,20,3.0
109,20,4.0
110,20,3.0
111,20,3.0
112,20,4.0
113,20,3.0
114,20,4.0
115,20,4.0
116,20,4.0
117,20,3.0
118,20,4.0
119,20,4.0
0,21,1.0
1,21,1.0
2,21,1.0
3,21,1.0
4,21,1.0
5,21,1.0
6,21,1.0
7,21,1.0
8,21,1.0
9,21,1.0
10,21,1.0
11,21,1.0
12,21,1.0
13,21,1.0
14,21,1.0
15,21,1.0
16,21,1.0
17,21,1.0
18,21,1.0
19,21,1.0
20,21,1.0
21,21,1.0
22,21,1.0
23,21,1.0
24,21,1.0
25,21,1.0
26,21,1.0
27,21,1.0
28,21,1.0
29,21,1.0
30,21,1.0
31,21,1.0
32,21,1.0
33,21,1.0
34,21,1.0
35,21,1.0
36,21,1.0
37,21,1.0
38,21,1.0
39,21,1.0
40,21,1.0
41,21,1.0
42,21,1.0
43,21,1.0
44,21,1.0
45,21,1.0
46,21,1.0
47,21,1.0
48,21,1.0
49,21,1.0
50,21,1.0
51,21,1.0
52,21,1.0
53,21,1.0
54,21,1.0
55,21,1.0
56,21,1.0
57,21,1.0
58,21,1.0
59,21,1.0
60,21,1.0
61,21,1.0
62,21,1.0
63,21,1.0
64,21,0.0
65,21,1.0
66,21,1.0
67,21,1.0
68,21,1.0
69,21,1.0
70,21,1.0
71,21,1.0
72,21,1.0
73,21,1.0
74,21,1.0
75,21,0.0
76,21,1.0
77,21,1.0
78,21,1.0
79,21,1.0
80,21,1.0
81,21,1.0
82,21,1.0
83,21,1.0
84,21,1.0
85,21,1.0
86,21,1.0
87,21,1.0
88,21,1.0
89,21,1.0
90,21,1.0
91,21,1.0
92,21,1.0
93,21,1.0
94,21,1.0
95,21,0.0
96,21,1.0
97,21,1.0
98,21,1.0
99,21,1.0
100,21,1.0
101,21,1.0
102,21,1.0
103,21,1.0
104,21,1.0
105,21,1.0
106,21,1.0
107,21,1.0
108,21,0.0
109,21,1.0
110,21,1.0
111,21,1.0
112,21,1.0
113,21,1.0
114,21,1.0
115,21,1.0
116,21,0.0
117,21,1.0
118,21,1.0
119,21,1.0
0,22,2.0
1,22,2.0
2,22,2.0
3,22,2.0
4,22,2.0
5,22,2.0
6,22,1.0
7,22,1.0
8,22,2.0
9,22,2.0
10,22,1.0
11,22,2.0
12,22,1.0
13,22,2.0
14,22,1.0
15,22,2.0
16,22,2.0
17,22,1.0
18,22,1.0
19,22,1.0
20,22,2.0
21,22,1.0
22,22,1.0
23,22,1.0
24,22,2.0
25,22,2.0
26,22,1.0
27,22,2.0
28,22,1.0
29,22,1.0
30,22,1.0
31,22,1.0
32,22,2.0
33,22,2.0
34,22,1.0
35,22,2.0
36,22,1.0
37,22,2.0
38,22,2.0
39,22,2.0
40,22,2.0
41,22,1.0
42,22,2.0
43,22,2.0
44,22,2.0
45,22,1.0
46,22,1.0
47,22,2.0
48,22,2.0
49,22,1.0
50,22,2.0
51,22,1.0
52,22,1.0
53,22,1.0
54,22,2.0
55,22,1.0
56,22,2.0
57,22,2.0
58,22,1.0
59,22,1.0
60,22,2.0
61,22,1.0
62,22,1.0
63,22,1.0
64,22,1.0
65,22,2.0
66,22,2.0
67,22,2.0
68,22,2.0
69,22,2.0
70,22,2.0
71,22,1.0
72,22,1.0
73,22,2.0
74,22,2.0
75,22,1.0
76,22,1.0
77,22,2.0
78,22,1.0
79,22,2.0
80,22,2.0
81,22,2.0
82,22,1.0
83,22,1.0
84,22,1.0
85,22,2.0
86,22,1.0
87,22,1.0
88,22,1.0
89,22,1.0
90,22,1.0
91,22,1.0
92,22,2.0
93,22,2.0
94,22,1.0
95,22,1.0
96,22,1.0
97,22,1.0
98,22,1.0
99,22,2.0
100,22,1.0
101,22,1.0
102,22,2.0
103,22,1.0
104,22,1.0
105,22,2.0
106,22,2.0
107,22,2.0
108,22,2.0
109,22,1.0
110,22,2.0
111,22,1.0
112,22,2.0
113,22,2.0
114,22,1.0
115,22,2.0
116,22,1.0
117,22,1.0
118,22,2.0
119,22,1.0
0,23,2.0
1,23,3.0
2,23,3.0
3,23,3.0
4,23,2.0
5,23,3.0
6,23,3.0
7,23,3.0
8,23,2.0
9,23,3.0
10,23,2.0
11,23,2.0
12,23,3.0
13,23,2.0
14,23,2.0
15,23,2.0
16,23,3.0
17,23,3.0
18,23,2.0
19,23,3.0
20,23,3.0
21,23,2.0
22,23,2.0
23,23,2.0
24,23,3.0
25,23,2.0
26,23,3.0
27,23,2.0
28,23,2.0
29,23,2.0
30,23,2.0
31,23,3.0
32,23,3.0
33,23,3.0
34,23,3.0
35,23,3.0
36,23,2.0
37,23,2.0
38,23,3.0
39,23,2.0
40,23,2.0
41,23,3.0
42,23,3.0
43,23,2.0
44,23,3.0
45,23,2.0
46,23,3.0
47,23,3.0
48,23,2.0
49,23,2.0
50,23,3.0
51,23,2.0
52,23,2.0
53,23,3.0
54,23,2.0
55,23,2.0
56,23,3.0
57,23,3.0
58,23,2.0
59,23,2.0
60,23,3.0
61,23,2.0
62,23,3.0
63,23,2.0
64,23,2.0
65,23,3.0
66,23,3.0
67,23,2.0
68,23,3.0
69,23,2.0
70,23,3.0
71,23,3.0
72,23,2.0
73,23,3.0
74,23,3.0
75,23,2.0
76,23,2.0
77,23,3.0
78,23,2.0
79,23,3.0
80,23,3.0
81,23,2.0
82,23,2.0
83,23,2.0
84,23,2.0
85,23,2.0
86,23,2.0
87,23,3.0
88,23,2.0
89,23,2.0
90,23,2.0
91,23,3.0
92,23,2.0
93,23,3.0
94,23,2.0
95,23,2.0
96,23,2.0
97,23,2.0
98,23,3.0
99,23,3.0
100,23,2.0
101,23,2.0
102,23,3.0
103,23,2.0
104,23,3.0
105,23,3.0
106,23,3.0
107,23,2.0
108,23,2.0
109,23,3.0
110,23,3.0
111,23,2.0
112,23,3.0
113,23,3.0
114,23,3.0
115,23,3.0
116,23,2.0
117,23,2.0
118,23,2.0
119,23,2.0
0,24,2.0
1,24,2.0
2,24,2.0
3,24,2.0
4,24,2.0
5,24,2.0
6,24,2.0
7,24,2.0
8,24,2.0
9,24,2.0
10,24,2.0
11,24,2.0
12,24,2.0
13,24,2.0
14,24,2.0
15,24,2.0
16,24,2.0
17,24,2.0
18,24,2.0
19,24,2.0
20,24,2.0
21,24,2.0
22,24,2.0
23,24,2.0
24,24,2.0
25,24,3.0
26,24,2.0
27,24,2.0
28,24,2.0
29,24,3.0
30,24,2.0
31,24,2.0
32,24,2.0
33,24,2.0
34,24,2.0
35,24,2.0
36,24,2.0
37,24,2.0
38,24,2.0
39,24,2.0
40,24,2.0
41,24,2.0
42,24,2.0
43,24,2.0
44,24,2.0
45,24,2.0
46,24,2.0
47,24,2.0
48,24,2.0
49,24,2.0
50,24,2.0
51,24,2.0
52,24,2.0
53,24,2.0
54,24,2.0
55,24,2.0
56,24,2.0
57,24,2.0
58,24,2.0
59,24,2.0
60,24,2.0
61,24,2.0
62,24,2.0
63,24,2.0
64,24,2.0
65,24,2.0
66,24,2.0
67,24,2.0
68,24,2.0
69,24,2.0
70,24,2.0
71,24,2.0
72,24,2.0
73,24,2.0
74,24,2.0
75,24,2.0
76,24,2.0
77,24,2.0
78,24,2.0
79,24,2.0
80,24,2.0
81,24,2.0
82,24,3.0
83,24,2.0
84,24,2.0
85,24,2.0
86,24,2.0
87,24,2.0
88,24,2.0
89,24,2.0
90,24,2.0
91,24,2.0
92,24,2.0
93,24,2.0
94,24,3.0
95,24,2.0
96,24,2.0
97,24,2.0
98,24,2.0
99,24,2.0
100,24,2.0
101,24,2.0
102,24,2.0
103,24,2.0
104,24,2.0
105,24,2.0
106,24,2.0
107,24,2.0
108,24,2.0
109,24,2.0
110,24,2.0
111,24,2.0
112,24,2.0
113,24,2.0
114,24,2.0
115,24,2.0
116,24,2.0
117,24,2.0
118,24,2.0
119,24,2.0
0,25,2.0
1,25,2.0
2,25,2.0
3,25,2.0
4,25,2.0
5,25,2.0
6,25,2.0
7,25,2.0
8,25,2.0
9,25,2.0
10,25,2.0
11,25,2.0
12,25,2.0
13,25,2.0
14,25,2.0
15,25,2.0
16,25,2.0
17,25,2.0
18,25,2.0
19,25,2.0
20,25,2.0
21,25,2.0
22,25,2.0
23,25,2.0
24,25,2.0
25,25,2.0
26,25,2.0
27,25,3.0
28,25,2.0
29,25,2.0
30,25,2.0
31,25,2.0
32,25,2.0
33,25,2.0
34,25,2.0
35,25,2.0
36,25,2.0
37,25,2.0
38,25,2.0
39,25,2.0
40,25,2.0
41,25,2.0
42,25,2.0
43,25,2.0
44,25,2.0
45,25,2.0
46,25,2.0
47,25,2.0
48,25,2.0
49,25,2.0
50,25,2.0
51,25,2.0
52,25,2.0
53,25,2.0
54,25,3.0
55,25,2.0
56,25,2.0
57,25,2.0
58,25,2.0
59,25,2.0
60,25,2.0
61,25,2.0
62,25,2.0
63,25,2.0
64,25,2.0
65,25,2.0
66,25,2.0
67,25,2.0
68,25,2.0
69,25,2.0
70,25,2.0
71,25,2.0
72,25,2.0
73,25,2.0
74,25,2.0
75,25,2.0
76,25,2.0
77,25,2.0
78,25,2.0
79,25,2.0
80,25,2.0
81,25,2.0
82,25,2.0
83,25,2.0
84,25,2.0
85,25,3.0
86,25,2.0
87,25,2.0
88,25,2.0
89,25,2.0
90,25,2.0
91,25,2.0
92,25,2.0
93,25,2.0
94,25,2.0
95,25,2.0
96,25,2.0
97,25,2.0
98,25,2.0
99,25,2.0
100,25,2.0
101,25,2.0
102,25,2.0
103,25,2.0
104,25,2.0
105,25,2.0
106,25,2.0
107,25,2.0
108,25,3.0
109,25,2.0
110,25,2.0
111,25,2.0
112,25,2.0
113,25,2.0
114,25,2.0
115,25,2.0
116,25,2.0
117,25,2.0
118,25,2.0
119,25,2.0
0,26,3.0
1,26,3.0
2,26,4.0
3,26,4.0
4,26,4.0
5,26,4.0
6,26,3.0
7,26,3.0
8,26,3.0
9,26,3.0
10,26,4.0
11,26,4.0
12,26,4.0
13,26,4.0
14,26,3.0
15,26,3.0
16,26,4.0
17,26,3.0
18,26,3.0
19,26,3.0
20,26,4.0
21,26,3.0
22,26,3.0
23,26,3.0
24,26,4.0
25,26,4.0
26,26,3.0
27,26,3.0
28,26,3.0
29,26,4.0
30,26,3.0
31,26,3.0
32,26,4.0
33,26,4.0
34,26,4.0
35,26,4.0
36,26,4.0
37,26,3.0
38,26,4.0
39,26,4.0
40,26,3.0
41,26,4.0
42,26,3.0
43,26,4.0
44,26,4.0
45,26,4.0
46,26,4.0
47,26,4.0
48,26,3.0
49,26,3.0
50,26,3.0
51,26,3.0
52,26,3.0
53,26,3.0
54,26,4.0
55,26,3.0
56,26,4.0
57,26,3.0
58,26,3.0
59,26,3.0
60,26,4.0
61,26,3.0
62,26,3.0
63,26,3.0
64,26,3.0
65,26,3.0
66,26,4.0
67,26,4.0
68,26,3.0
69,26,4.0
70,26,3.0
71,26,3.0
72,26,3.0
73,26,3.0
74,26,4.0
75,26,3.0
76,26,3.0
77,26,3.0
78,26,3.0
79,26,4.0
80,26,3.0
81,26,4.0
82,26,3.0
83,26,3.0
84,26,3.0
85,26,4.0
86,26,4.0
87,26,3.0
88,26,3.0
89,26,3.0
90,26,3.0
91,26,3.0
92,26,3.0
93,26,4.0
94,26,4.0
95,26,3.0
96,26,3.0
97,26,3.0
98,26,4.0
99,26,4.0
100,26,3.0
101,26,3.0
102,26,4.0
103,26,3.0
104,26,3.0
105,26,4.0
106,26,4.0
107,26,3.0
108,26,3.0
109,26,3.0
110,26,4.0
111,26,3.0
112,26,3.0
113,26,4.0
114,26,3.0
115,26,4.0
116,26,3.0
117,26,3.0
118,26,4.0
119,26,4.0
0,27,4.0
1,27,4.0
2,27,4.0
3,27,4.0
4,27,4.0
5,27,4.0
6,27,4.0
7,27,4.0
8,27,4.0
9,27,4.0
10,27,4.0
11,27,4.0
12,27,4.0
13,27,4.0
14,27,4.0
15,27,4.0
16,27,4.0
17,27,4.0
18,27,4.0
19,27,4.0
20,27,4.0
21,27,4.0
22,27,4.0
23,27,4.0
24,27,4.0
25,27,4.0
26,27,4.0
27,27,4.0
28,27,4.0
29,27,4.0
30,27,4.0
31,27,4.0
32,27,4.0
33,27,4.0
34,27,4.0
35,27,5.0
36,27,4.0
37,27,4.0
38,27,4.0
39,27,4.0
40,27,4.0
41,27,5.0
42,27,4.0
43,27,4.0
44,27,4.0
45,27,4.0
46,27,5.0
47,27,4.0
48,27,4.0
49,27,4.0
50,27,4.0
51,27,4.0
52,27,4.0
53,27,4.0
54,27,4.0
55,27,4.0
56,27,5.0
57,27,4.0
58,27,4.0
59,27,4.0
60,27,4.0
61,27,4.0
62,27,5.0
63,27,4.0
64,27,4.0
65,27,4.0
66,27,4.0
67,27,4.0
68,27,4.0
69,27,4.0
70,27,4.0
71,27,4.0
72,27,4.0
73,27,4.0
74,27,5.0
75,27,4.0
76,27,4.0
77,27,4.0
78,27,5.0
79,27,4.0
80,27,4.0
81,27,4.0
82,27,4.0
83,27,4.0
84,27,4.0
85,27,4.0
86,27,4.0
87,27,4.0
88,27,4.0
89,27,4.0
90,27,4.0
91,27,4.0
92,27,4.0
93,27,4.0
94,27,4.0
95,27,5.0
96,27,4.0
97,27,4.0
98,27,5.0
99,27,4.0
100,27,4.0
101,27,4.0
102,27,4.0
103,27,4.0
104,27,4.0
105,27,4.0
106,27,4.0
107,27,4.0
108,27,4.0
109,27,4.0
110,27,4.0
111,27,4.0
112,27,4.0
113,27,4.0
114,27,4.0
115,27,4.0
116,27,4.0
117,27,4.0
118,27,4.0
119,27,4.0
0,28,1.0
1,28,1.0
2,28,1.0
3,28,1.0
4,28,1.0
5,28,1.0
6,28,1.0
7,28,2.0
8,28,1.0
9,28,1.0
10,28,1.0
11,28,1.0
12,28,2.0
13,28,1.0
14,28,1.0
15,28,1.0
16,28,1.0
17,28,1.0
18,28,1.0
19,28,1.0
20,28,2.0
21,28,1.0
22,28,1.0
23,28,1.0
24,28,1.0
25,28,1.0
26,28,2.0
27,28,1.0
28,28,1.0
29,28,2.0
30,28,1.0
31,28,1.0
32,28,1.0
33,28,1.0
34,28,2.0
35,28,1.0
36,28,2.0
37,28,1.0
38,28,1.0
39,28,1.0
40,28,1.0
41,28,2.0
42,28,1.0
43,28,1.0
44,28,1.0
45,28,1.0
46,28,1.0
47,28,2.0
48,28,1.0
49,28,2.0
50,28,1.0
51,28,1.0
52,28,2.0
53,28,1.0
54,28,1.0
55,28,1.0
56,28,1.0
57,28,2.0
58,28,2.0
59,28,1.0
60,28,1.0
61,28,1.0
62,28,1.0
63,28,1.0
64,28,1.0
65,28,1.0
66,28,1.0
67,28,2.0
68,28,1.0
69,28,2.0
70,28,1.0
71,28,1.0
72,28,1.0
73,28,1.0
74,28,1.0
75,28,1.0
76,28,2.0
77,28,1.0
78,28,2.0
79,28,2.0
80,28,2.0
81,28,2.0
82,28,2.0
83,28,1.0
84,28,1.0
85,28,1.0
86,28,2.0
87,28,1.0
88,28,1.0
89,28,1.0
90,28,1.0
91,28,2.0
92,28,1.0
93,28,1.0
94,28,2.0
95,28,1.0
96,28,2.0
97,28,2.0
98,28,1.0
99,28,1.0
100,28,1.0
101,28,2.0
102,28,1.0
103,28,1.0
104,28,2.0
105,28,2.0
106,28,2.0
107,28,1.0
108,28,1.0
109,28,1.0
110,28,1.0
111,28,1.0
112,28,1.0
113,28,2.0
114,28,1.0
115,28,2.0
116,28,1.0
117,28,1.0
118,28,1.0
119,28,2.0
0,29,4.0
1,29,4.0
2,29,4.0
3,29,4.0
4,29,4.0
5,29,4.0
6,29,4.0
7,29,4.0
8,29,4.0
9,29,4.0
10,29,4.0
11,29,4.0
12,29,4.0
13,29,4.0
14,29,3.0
15,29,4.0
16,29,4.0
17,29,4.0
18,29,4.0
19,29,4.0
20,29,4.0
21,29,4.0
22,29,4.0
23,29,4.0
24,29,4.0
25,29,4.0
26,29,3.0
27,29,4.0
28,29,4.0
29,29,4.0
30,29,4.0
31,29,4.0
32,29,4.0
33,29,4.0
34,29,4.0
35,29,5.0
36,29,4.0
37,29,4.0
38,29,4.0
39,29,4.0
40,29,4.0
41,29,5.0
42,29,4.0
43,29,4.0
44,29,4.0
45,29,4.0
46,29,5.0
47,29,4.0
48,29,4.0
49,29,4.0
50,29,4.0
51,29,4.0
52,29,3.0
53,29,4.0
54,29,4.0
55,29,4.0
56,29,5.0
57,29,4.0
58,29,4.0
59,29,4.0
60,29,4.0
61,29,4.0
62,29,4.0
63,29,4.0
64,29,3.0
65,29,4.0
66,29,4.0
67,29,4.0
68,29,4.0
69,29,4.0
70,29,4.0
71,29,4.0
72,29,4.0
73,29,4.0
74,29,5.0
75,29,4.0
76,29,3.0
77,29,4.0
78,29,4.0
79,29,4.0
80,29,4.0
81,29,4.0
82,29,4.0
83,29,4.0
84,29,4.0
85,29,4.0
86,29,4.0
87,29,4.0
88,29,3.0
89,29,4.0
90,29,4.0
91,29,3.0
92,29,4.0
93,29,4.0
94,29,4.0
95,29,4.0
96,29,4.0
97,29,4.0
98,29,5.0
99,29,4.0
100,29,4.0
101,29,3.0
102,29,4.0
103,29,4.0
104,29,3.0
105,29,4.0
106,29,4.0
107,29,4.0
108,29,3.0
109,29,4.0
110,29,4.0
111,29,4.0
112,29,4.0
113,29,4.0
114,29,4.0
115,29,4.0
116,29,4.0
117,29,4.0
118,29,4.0
119,29,4.0
0,30,2.0
1,30,2.0
2,30,2.0
3,30,3.0
4,30,2.0
5,30,2.0
6,30,2.0
7,30,2.0
8,30,2.0
9,30,2.0
10,30,2.0
11,30,2.0
12,30,3.0
13,30,2.0
14,30,2.0
15,30,2.0
16,30,2.0
17,30,2.0
18,30,2.0
19,30,2.0
20,30,3.0
21,30,2.0
22,30,2.0
23,30,2.0
24,30,3.0
25,30,2.0
26,30,2.0
27,30,2.0
28,30,2.0
29,30,2.0
30,30,2.0
31,30,2.0
32,30,3.0
33,30,2.0
34,30,3.0
35,30,3.0
36,30,2.0
37,30,2.0
38,30,2.0
39,30,2.0
40,30,2.0
41,30,3.0
42,30,2.0
43,30,2.0
44,30,2.0
45,30,2.0
46,30,3.0
47,30,3.0
48,30,2.0
49,30,2.0
50,30,2.0
51,30,2.0
52,30,2.0
53,30,2.0
54,30,2.0
55,30,2.0
56,30,3.0
57,30,3.0
58,30,2.0
59,30,2.0
60,30,3.0
61,30,2.0
62,30,2.0
63,30,2.0
64,30,2.0
65,30,2.0
66,30,3.0
67,30,3.0
68,30,2.0
69,30,2.0
70,30,2.0
71,30,2.0
72,30,2.0
73,30,2.0
74,30,3.0
75,30,2.0
76,30,2.0
77,30,2.0
78,30,2.0
79,30,3.0
80,30,3.0
81,30,2.0
82,30,2.0
83,30,2.0
84,30,2.0
85,30,2.0
86,30,3.0
87,30,2.0
88,30,2.0
89,30,2.0
90,30,2.0
91,30,2.0
92,30,2.0
93,30,2.0
94,30,3.0
95,30,2.0
96,30,2.0
97,30,3.0
98,30,2.0
99,30,2.0
100,30,2.0
101,30,2.0
102,30,2.0
103,30,2.0
104,30,2.0
105,30,3.0
106,30,3.0
107,30,2.0
108,30,2.0
109,30,2.0
110,30,2.0
111,30,2.0
112,30,2.0
113,30,3.0
114,30,2.0
115,30,3.0
116,30,2.0
117,30,2.0
118,30,3.0
119,30,2.0
0,31,2.0
1,31,2.0
2,31,2.0
3,31,2.0
4,31,2.0
5,31,2.0
6,31,2.0
7,31,2.0
8,31,2.0
9,31,2.0
10,31,2.0
11,31,2.0
12,31,2.0
13,31,2.0
14,31,1.0
15,31,2.0
16,31,2.0
17,31,2.0
18,31,2.0
19,31,2.0
20,31,2.0
21,31,2.0
22,31,2.0
23,31,2.0
24,31,2.0
25,31,2.0
26,31,2.0
27,31,2.0
28,31,2.0
29,31,2.0
30,31,2.0
31,31,2.0
32,31,2.0
33,31,2.0
34,31,2.0
35,31,2.0
36,31,2.0
37,31,2.0
38,31,2.0
39,31,2.0
40,31,2.0
41,31,2.0
42,31,2.0
43,31,2.0
44,31,2.0
45,31,2.0
46,31,2.0
47,31,2.0
48,31,2.0
49,31,2.0
50,31,1.0
51,31,2.0
52,31,3.0
53,31,2.0
54,31,2.0
55,31,2.0
56,31,2.0
57,31,2.0
58,31,2.0
59,31,2.0
60,31,2.0
61,31,2.0
62,31,2.0
63,31,2.0
64,31,2.0
65,31,2.0
66,31,2.0
67,31,2.0
68,31,2.0
69,31,2.0
70,31,2.0
71,31,2.0
72,31,2.0
73,31,2.0
74,31,2.0
75,31,2.0
76,31,2.0
77,31,2.0
78,31,2.0
79,31,2.0
80,31,2.0
81,31,2.0
82,31,2.0
83,31,2.0
84,31,2.0
85,31,2.0
86,31,2.0
87,31,2.0
88,31,2.0
89,31,2.0
90,31,2.0
91,31,2.0
92,31,2.0
93,31,2.0
94,31,3.0
95,31,2.0
96,31,2.0
97,31,2.0
98,31,2.0
99,31,2.0
100,31,2.0
101,31,2.0
102,31,2.0
103,31,2.0
104,31,2.0
105,31,2.0
106,31,2.0
107,31,2.0
108,31,2.0
109,31,2.0
110,31,2.0
111,31,2.0
112,31,2.0
113,31,2.0
114,31,2.0
115,31,2.0
116,31,2.0
117,31,2.0
118,31,2.0
119,31,2.0
0,32,2.0
1,32,2.0
2,32,2.0
3,32,2.0
4,32,2.0
5,32,2.0
6,32,2.0
7,32,2.0
8,32,2.0
9,32,2.0
10,32,2.0
11,32,2.0
12,32,2.0
13,32,2.0
14,32,2.0
15,32,2.0
16,32,2.0
17,32,2.0
18,32,2.0
19,32,2.0
20,32,2.0
21,32,2.0
22,32,2.0
23,32,2.0
24,32,2.0
25,32,2.0
26,32,2.0
27,32,2.0
28,32,2.0
29,32,2.0
30,32,2.0
31,32,2.0
32,32,2.0
33,32,2.0
34,32,2.0
35,32,2.0
36,32,2.0
37,32,2.0
38,32,2.0
39,32,2.0
40,32,2.0
41,32,2.0
42,32,2.0
43,32,2.0
44,32,2.0
45,32,2.0
46,32,2.0
47,32,2.0
48,32,2.0
49,32,2.0
50,32,2.0
51,32,2.0
52,32,2.0
53,32,2.0
54,32,2.0
55,32,2.0
56,32,2.0
57,32,2.0
58,32,2.0
59,32,2.0
60,32,2.0
61,32,2.0
62,32,2.0
63,32,2.0
64,32,2.0
65,32,2.0
66,32,2.0
67,32,2.0
68,32,2.0
69,32,2.0
70,32,2.0
71,32,2.0
72,32,2.0
73,32,2.0
74,32,2.0
75,32,2.0
76,32,2.0
77,32,2.0
78,32,2.0
79,32,2.0
80,32,2.0
81,32,2.0
82,32,2.0
83,32,2.0
84,32,2.0
85,32,2.0
86,32,2.0
87,32,2.0
88,32,2.0
89,32,2.0
90,32,2.0
91,32,2.0
92,32,2.0
93,32,2.0
94,32,2.0
95,32,2.0
96,32,2.0
97,32,2.0
98,32,2.0
99,32,2.0
100,32,2.0
101,32,2.0
102,32,2.0
103,32,2.0
104,32,2.0
105,32,2.0
106,32,2.0
107,32,2.0
108,32,2.0
109,32,2.0
110,32,2.0
111,32,2.0
112,32,2.0
113,32,2.0
114,32,2.0
115,32,3.0
116,32,2.0
117,32,2.0
118,32,2.0
119,32,2.0
0,33,3.0
1,33,3.0
2,33,3.0
3,33,3.0
4,33,3.0
5,33,3.0
6,33,3.0
7,33,3.0
8,33,3.0
9,33,3.0
10,33,3.0
11,33,3.0
12,33,3.0
13,33,3.0
14,33,3.0
15,33,3.0
16,33,3.0
17,33,3.0
18,33,3.0
19,33,3.0
20,33,3.0
21,33,3.0
22,33,3.0
23,33,3.0
24,33,3.0
25,33,3.0
26,33,3.0
27,33,3.0
28,33,3.0
29,33,3.0
30,33,3.0
31,33,3.0
32,33,3.0
33,33,3.0
34,33,3.0
35,33,3.0
36,33,3.0
37,33,2.0
38,33,3.0
39,33,3.0
40,33,3.0
41,33,4.0
42,33,3.0
43,33,3.0
44,33,2.0
45,33,3.0
46,33,3.0
47,33,3.0
48,33,3.0
49,33,3.0
50,33,3.0
51,33,3.0
52,33,3.0
53,33,3.0
54,33,3.0
55,33,3.0
56,33,3.0
57,33,3.0
58,33,3.0
59,33,3.0
60,33,3.0
61,33,3.0
62,33,3.0
63,33,3.0
64,33,3.0
65,33,3.0
66,33,3.0
67,33,3.0
68,33,3.0
69,33,3.0
70,33,3.0
71,33,3.0
72,33,3.0
73,33,3.0
74,33,3.0
75,33,3.0
76,33,3.0
77,33,3.0
78,33,3.0
79,33,3.0
80,33,3.0
81,33,3.0
82,33,3.0
83,33,3.0
84,33,3.0
85,33,3.0
86,33,3.0
87,33,3.0
88,33,3.0
89,33,3.0
90,33,3.0
91,33,3.0
92,33,3.0
93,33,3.0
94,33,3.0
95,33,3.0
96,33,3.0
97,33,3.0
98,33,3.0
99,33,3.0
100,33,3.0
101,33,3.0
102,33,3.0
103,33,3.0
104,33,3.0
105,33,3.0
106,33,3.0
107,33,3.0
108,33,3.0
109,33,3.0
110,33,3.0
111,33,3.0
112,33,3.0
113,33,3.0
114,33,3.0
115,33,3.0
116,33,3.0
117,33,3.0
118,33,3.0
119,33,3.0
0,34,3.0
1,34,3.0
2,34,2.0
3,34,2.0
4,34,2.0
5,34,2.0
6,34,3.0
7,34,3.0
8,34,2.0
9,34,2.0
10,34,3.0
11,34,3.0
12,34,3.0
13,34,3.0
14,34,2.0
15,34,2.0
16,34,2.0
17,34,3.0
18,34,3.0
19,34,3.0
20,34,3.0
21,34,3.0
22,34,3.0
23,34,3.0
24,34,3.0
25,34,2.0
26,34,2.0
27,34,2.0
28,34,3.0
29,34,3.0
30,34,3.0
31,34,3.0
32,34,3.0
33,34,3.0
34,34,3.0
35,34,4.0
36,34,2.0
37,34,2.0
38,34,3.0
39,34,2.0
40,34,2.0
41,34,4.0
42,34,3.0
43,34,3.0
44,34,2.0
45,34,3.0
46,34,4.0
47,34,3.0
48,34,2.0
49,34,3.0
50,34,2.0
51,34,3.0
52,34,2.0
53,34,3.0
54,34,2.0
55,34,3.0
56,34,4.0
57,34,3.0
58,34,3.0
59,34,3.0
60,34,3.0
61,34,3.0
62,34,3.0
63,34,3.0
64,34,2.0
65,34,3.0
66,34,3.0
67,34,3.0
68,34,3.0
69,34,2.0
70,34,3.0
71,34,2.0
72,34,3.0
73,34,2.0
74,34,4.0
75,34,3.0
76,34,2.0
77,34,3.0
78,34,3.0
79,34,3.0
80,34,3.0
81,34,3.0
82,34,3.0
83,34,3.0
84,34,3.0
85,34,2.0
86,34,3.0
87,34,2.0
88,34,2.0
89,34,2.0
90,34,3.0
91,34,2.0
92,34,2.0
93,34,3.0
94,34,3.0
95,34,3.0
96,34,2.0
97,34,3.0
98,34,3.0
99,34,2.0
100,34,3.0
101,34,2.0
102,34,2.0
103,34,3.0
104,34,2.0
105,34,2.0
106,34,2.0
107,34,3.0
108,34,2.0
109,34,3.0
110,34,3.0
111,34,3.0
112,34,3.0
113,34,2.0
114,34,3.0
115,34,3.0
116,34,3.0
117,34,2.0
118,34,3.0
119,34,3.0
0,35,4.0
1,35,4.0
2,35,4.0
3,35,4.0
4,35,4.0
5,35,4.0
6,35,4.0
7,35,4.0
8,35,4.0
9,35,4.0
10,35,4.0
11,35,4.0
12,35,4.0
13,35,4.0
14,35,4.0
15,35,4.0
16,35,4.0
17,35,4.0
18,35,4.0
19,35,4.0
20,35,4.0
21,35,4.0
22,35,3.0
23,35,4.0
24,35,4.0
25,35,4.0
26,35,3.0
27,35,4.0
28,35,4.0
29,35,4.0
30,35,4.0
31,35,4.0
32,35,4.0
33,35,4.0
34,35,3.0
35,35,4.0
36,35,4.0
37,35,4.0
38,35,4.0
39,35,4.0
40,35,4.0
41,35,4.0
42,35,4.0
43,35,4.0
44,35,4.0
45,35,4.0
46,35,4.0
47,35,4.0
48,35,3.0
49,35,4.0
50,35,4.0
51,35,4.0
52,35,3.0
53,35,4.0
54,35,4.0
55,35,4.0
56,35,4.0
57,35,3.0
58,35,4.0
59,35,4.0
60,35,4.0
61,35,4.0
62,35,4.0
63,35,4.0
64,35,4.0
65,35,4.0
66,35,4.0
67,35,3.0
68,35,4.0
69,35,4.0
70,35,4.0
71,35,3.0
72,35,4.0
73,35,4.0
74,35,4.0
75,35,4.0
76,35,3.0
77,35,4.0
78,35,4.0
79,35,4.0
80,35,3.0
81,35,4.0
82,35,4.0
83,35,4.0
84,35,4.0
85,35,4.0
86,35,3.0
87,35,4.0
88,35,4.0
89,35,4.0
90,35,4.0
91,35,3.0
92,35,4.0
93,35,4.0
94,35,3.0
95,35,4.0
96,35,3.0
97,35,3.0
98,35,4.0
99,35,4.0
100,35,4.0
101,35,3.0
102,35,4.0
103,35,4.0
104,35,3.0
105,35,3.0
106,35,4.0
107,35,4.0
108,35,3.0
109,35,4.0
110,35,4.0
111,35,4.0
112,35,4.0
113,35,3.0
114,35,4.0
115,35,4.0
116,35,4.0
117,35,3.0
118,35,4.0
119,35,4.0
0,36,2.0
1,36,1.0
2,36,2.0
3,36,2.0
4,36,1.0
5,36,2.0
6,36,1.0
7,36,1.0
8,36,2.0
9,36,2.0
10,36,2.0
11,36,2.0
12,36,1.0
13,36,2.0
14,36,2.0
15,36,2.0
16,36,2.0
17,36,1.0
18,36,2.0
19,36,2.0
20,36,2.0
21,36,2.0
22,36,2.0
23,36,2.0
24,36,1.0
25,36,2.0
26,36,2.0
27,36,2.0
28,36,2.0
29,36,2.0
30,36,2.0
31,36,1.0
32,36,1.0
33,36,2.0
34,36,2.0
35,36,1.0
36,36,2.0
37,36,2.0
38,36,1.0
39,36,2.0
40,36,2.0
41,36,1.0
42,36,2.0
43,36,2.0
44,36,1.0
45,36,1.0
46,36,1.0
47,36,1.0
48,36,2.0
49,36,2.0
50,36,2.0
51,36,2.0
52,36,2.0
53,36,1.0
54,36,2.0
55,36,2.0
56,36,1.0
57,36,2.0
58,36,2.0
59,36,2.0
60,36,2.0
61,36,2.0
62,36,2.0
63,36,2.0
64,36,2.0
65,36,2.0
66,36,1.0
67,36,2.0
68,36,2.0
69,36,2.0
70,36,1.0
71,36,2.0
72,36,1.0
73,36,2.0
74,36,1.0
75,36,2.0
76,36,2.0
77,36,2.0
78,36,2.0
79,36,2.0
80,36,2.0
81,36,2.0
82,36,2.0
83,36,2.0
84,36,2.0
85,36,2.0
86,36,2.0
87,36,1.0
88,36,2.0
89,36,2.0
90,36,2.0
91,36,2.0
92,36,2.0
93,36,2.0
94,36,2.0
95,36,2.0
96,36,2.0
97,36,2.0
98,36,1.0
99,36,2.0
100,36,2.0
101,36,2.0
102,36,2.0
103,36,2.0
104,36,2.0
105,36,2.0
106,36,2.0
107,36,2.0
108,36,3.0
109,36,2.0
110,36,2.0
111,36,2.0
112,36,1.0
113,36,1.0
114,36,1.0
115,36,1.0
116,36,2.0
117,36,2.0
118,36,2.0
119,36,2.0
0,37,2.0
1,37,2.0
2,37,2.0
3,37,2.0
4,37,2.0
5,37,2.0
6,37,2.0
7,37,2.0
8,37,2.0
9,37,3.0
10,37,2.0
11,37,2.0
12,37,2.0
13,37,2.0
14,37,2.0
15,37,2.0
16,37,2.0
17,37,2.0
18,37,2.0
19,37,2.0
20,37,2.0
21,37,2.0
22,37,2.0
23,37,2.0
24,37,2.0
25,37,2.0
26,37,2.0
27,37,2.0
28,37,2.0
29,37,2.0
30,37,2.0
31,37,2.0
32,37,2.0
33,37,2.0
34,37,2.0
35,37,2.0
36,37,2.0
37,37,2.0
38,37,2.0
39,37,2.0
40,37,2.0
41,37,2.0
42,37,2.0
43,37,2.0
44,37,2.0
45,37,2.0
46,37,2.0
47,37,2.0
48,37,2.0
49,37,2.0
50,37,3.0
51,37,2.0
52,37,2.0
53,37,2.0
54,37,2.0
55,37,2.0
56,37,2.0
57,37,3.0
58,37,2.0
59,37,2.0
60,37,2.0
61,37,2.0
62,37,2.0
63,37,2.0
64,37,2.0
65,37,2.0
66,37,2.0
67,37,2.0
68,37,2.0
69,37,2.0
70,37,2.0
71,37,2.0
72,37,2.0
73,37,2.0
74,37,2.0
75,37,2.0
76,37,2.0
77,37,2.0
78,37,2.0
79,37,2.0
80,37,3.0
81,37,2.0
82,37,2.0
83,37,2.0
84,37,2.0
85,37,2.0
86,37,2.0
87,37,2.0
88,37,2.0
89,37,2.0
90,37,2.0
91,37,2.0
92,37,2.0
93,37,2.0
94,37,2.0
95,37,2.0
96,37,2.0
97,37,2.0
98,37,2.0
99,37,2.0
100,37,2.0
101,37,2.0
102,37,2.0
103,37,2.0
104,37,2.0
105,37,3.0
106,37,2.0
107,37,2.0
108,37,2.0
109,37,2.0
110,37,2.0
111,37,2.0
112,37,2.0
113,37,2.0
114,37,2.0
115,37,2.0
116,37,2.0
117,37,2.0
118,37,2.0
119,37,2.0
0,38,2.0
1,38,1.0
2,38,2.0
3,38,2.0
4,38,2.0
5,38,2.0
6,38,1.0
7,38,1.0
8,38,2.0
9,38,2.0
10,38,2.0
11,38,2.0
12,38,2.0
13,38,2.0
14,38,2.0
15,38,2.0
16,38,2.0
17,38,2.0
18,38,2.0
19,38,2.0
20,38,2.0
21,38,2.0
22,38,2.0
23,38,2.0
24,38,2.0
25,38,2.0
26,38,2.0
27,38,2.0
28,38,2.0
29,38,2.0
30,38,2.0
31,38,1.0
32,38,1.0
33,38,2.0
34,38,2.0
35,38,2.0
36,38,2.0
37,38,2.0
38,38,2.0
39,38,2.0
40,38,2.0
41,38,1.0
42,38,2.0
43,38,2.0
44,38,2.0
45,38,2.0
46,38,1.0
47,38,2.0
48,38,2.0
49,38,2.0
50,38,2.0
51,38,1.0
52,38,2.0
53,38,1.0
54,38,2.0
55,38,2.0
56,38,1.0
57,38,2.0
58,38,2.0
59,38,2.0
60,38,2.0
61,38,2.0
62,38,2.0
63,38,2.0
64,38,2.0
65,38,1.0
66,38,2.0
67,38,2.0
68,38,2.0
69,38,2.0
70,38,2.0
71,38,2.0
72,38,1.0
73,38,2.0
74,38,2.0
75,38,2.0
76,38,2.0
77,38,2.0
78,38,1.0
79,38,2.0
80,38,2.0
81,38,2.0
82,38,2.0
83,38,1.0
84,38,2.0
85,38,2.0
86,38,2.0
87,38,2.0
88,38,2.0
89,38,2.0
90,38,2.0
91,38,2.0
92,38,2.0
93,38,2.0
94,38,2.0
95,38,2.0
96,38,2.0
97,38,2.0
98,38,1.0
99,38,2.0
100,38,2.0
101,38,2.0
102,38,2.0
103,38,2.0
104,38,2.0
105,38,2.0
106,38,2.0
107,38,2.0
108,38,2.0
109,38,2.0
110,38,2.0
111,38,2.0
112,38,1.0
113,38,2.0
114,38,1.0
115,38,1.0
116,38,2.0
117,38,2.0
118,38,2.0
119,38,2.0
0,39,3.0
1,39,3.0
2,39,3.0
3,39,4.0
4,39,4.0
5,39,4.0
6,39,3.0
7,39,3.0
8,39,3.0
9,39,3.0
10,39,4.0
11,39,4.0
12,39,4.0
13,39,4.0
14,39,3.0
15,39,3.0
16,39,3.0
17,39,3.0
18,39,3.0
19,39,3.0
20,39,3.0
21,39,3.0
22,39,3.0
23,39,3.0
24,39,4.0
25,39,4.0
26,39,3.0
27,39,4.0
28,39,3.0
29,39,4.0
30,39,3.0
31,39,3.0
32,39,3.0
33,39,3.0
34,39,4.0
35,39,4.0
36,39,4.0
37,39,3.0
38,39,3.0
39,39,4.0
40,39,3.0
41,39,4.0
42,39,3.0
43,39,4.0
44,39,4.0
45,39,4.0
46,39,4.0
47,39,4.0
48,39,3.0
49,39,3.0
50,39,3.0
51,39,3.0
52,39,3.0
53,39,3.0
54,39,4.0
55,39,3.0
56,39,4.0
57,39,3.0
58,39,3.0
59,39,3.0
60,39,3.0
61,39,3.0
62,39,3.0
63,39,3.0
64,39,3.0
65,39,3.0
66,39,4.0
67,39,4.0
68,39,3.0
69,39,4.0
70,39,3.0
71,39,3.0
72,39,3.0
73,39,3.0
74,39,4.0
75,39,3.0
76,39,3.0
77,39,3.0
78,39,3.0
79,39,4.0
80,39,3.0
81,39,4.0
82,39,4.0
83,39,3.0
84,39,3.0
85,39,4.0
86,39,4.0
87,39,3.0
88,39,3.0
89,39,3.0
90,39,3.0
91,39,3.0
92,39,3.0
93,39,3.0
94,39,4.0
95,39,3.0
96,39,4.0
97,39,3.0
98,39,3.0
99,39,4.0
100,39,3.0
101,39,3.0
102,39,4.0
103,39,3.0
104,39,3.0
105,39,4.0
106,39,4.0
107,39,4.0
108,39,3.0
109,39,3.0
110,39,4.0
111,39,3.0
112,39,3.0
113,39,4.0
114,39,3.0
115,39,3.0
116,39,3.0
117,39,3.0
118,39,4.0
119,39,4.0
0,40,1.0
1,40,2.0
2,40,2.0
3,40,2.0
4,40,2.0
5,40,2.0
6,40,2.0
7,40,2.0
8,40,2.0
9,40,2.0
10,40,2.0
11,40,1.0
12,40,2.0
13,40,2.0
14,40,2.0
15,40,2.0
16,40,2.0
17,40,2.0
18,40,2.0
19,40,2.0
20,40,2.0
21,40,2.0
22,40,1.0
23,40,1.0
24,40,2.0
25,40,1.0
26,40,2.0
27,40,1.0
28,40,1.0
29,40,1.0
30,40,2.0
31,40,2.0
32,40,2.0
33,40,2.0
34,40,2.0
35,40,2.0
36,40,1.0
37,40,2.0
38,40,2.0
39,40,2.0
40,40,2.0
41,40,2.0
42,40,2.0
43,40,2.0
44,40,2.0
45,40,2.0
46,40,2.0
47,40,2.0
48,40,2.0
49,40,1.0
50,40,2.0
51,40,2.0
52,40,1.0
53,40,2.0
54,40,2.0
55,40,2.0
56,40,2.0
57,40,2.0
58,40,1.0
59,40,2.0
60,40,2.0
61,40,2.0
62,40,2.0
63,40,2.0
64,40,1.0
65,40,2.0
66,40,2.0
67,40,2.0
68,40,2.0
69,40,2.0
70,40,2.0
71,40,2.0
72,40,2.0
73,40,2.0
74,40,2.0
75,40,1.0
76,40,2.0
77,40,2.0
78,40,1.0
79,40,2.0
80,40,2.0
81,40,1.0
82,40,1.0
83,40,2.0
84,40,2.0
85,40,2.0
86,40,1.0
87,40,2.0
88,40,2.0
89,40,2.0
90,40,2.0
91,40,2.0
92,40,2.0
93,40,2.0
94,40,1.0
95,40,1.0
96,40,1.0
97,40,1.0
98,40,2.0
99,40,2.0
100,40,2.0
101,40,2.0
102,40,2.0
103,40,1.0
104,40,2.0
105,40,2.0
106,40,2.0
107,40,1.0
108,40,1.0
109,40,2.0
110,40,2.0
111,40,2.0
112,40,2.0
113,40,2.0
114,40,2.0
115,40,2.0
116,40,1.0
117,40,1.0
118,40,2.0
119,40,2.0
0,41,2.0
1,41,3.0
2,41,2.0
3,41,2.0
4,41,2.0
5,41,2.0
6,41,3.0
7,41,3.0
8,41,2.0
9,41,2.0
10,41,2.0
11,41,2.0
12,41,2.0
13,41,2.0
14,41,2.0
15,41,2.0
16,41,2.0
17,41,3.0
18,41,2.0
19,41,2.0
20,41,2.0
21,41,3.0
22,41,2.0
23,41,2.0
24,41,2.0
25,41,2.0
26,41,2.0
27,41,2.0
28,41,2.0
29,41,2.0
30,41,2.0
31,41,3.0
32,41,3.0
33,41,3.0
34,41,2.0
35,41,3.0
36,41,2.0
37,41,2.0
38,41,3.0
39,41,2.0
40,41,2.0
41,41,3.0
42,41,2.0
43,41,2.0
44,41,2.0
45,41,2.0
46,41,3.0
47,41,2.0
48,41,2.0
49,41,2.0
50,41,2.0
51,41,3.0
52,41,2.0
53,41,3.0
54,41,2.0
55,41,2.0
56,41,3.0
57,41,2.0
58,41,2.0
59,41,2.0
60,41,2.0
61,41,2.0
62,41,3.0
63,41,2.0
64,41,2.0
65,41,3.0
66,41,2.0
67,41,2.0
68,41,2.0
69,41,2.0
70,41,3.0
71,41,2.0
72,41,3.0
73,41,2.0
74,41,3.0
75,41,2.0
76,41,2.0
77,41,2.0
78,41,2.0
79,41,2.0
80,41,2.0
81,41,2.0
82,41,2.0
83,41,3.0
84,41,2.0
85,41,2.0
86,41,2.0
87,41,3.0
88,41,2.0
89,41,2.0
90,41,2.0
91,41,2.0
92,41,2.0
93,41,2.0
94,41,2.0
95,41,2.0
96,41,2.0
97,41,2.0
98,41,3.0
99,41,2.0
100,41,2.0
101,41,2.0
102,41,2.0
103,41,2.0
104,41,2.0
105,41,2.0
106,41,2.0
107,41,2.0
108,41,2.0
109,41,2.0
110,41,2.0
111,41,2.0
112,41,3.0
113,41,2.0
114,41,3.0
115,41,3.0
116,41,2.0
117,41,2.0
118,41,2.0
119,41,2.0
0,42,4.0
1,42,3.0
2,42,4.0
3,42,4.0
4,42,4.0
5,42,4.0
6,42,3.0
7,42,3.0
8,42,4.0
9,42,4.0
10,42,4.0
11,42,4.0
12,42,3.0
13,42,4.0
14,42,4.0
15,42,4.0
16,42,3.0
17,42,3.0
18,42,4.0
19,42,4.0
20,42,3.0
21,42,3.0
22,42,4.0
23,42,4.0
24,42,4.0
25,42,4.0
26,42,4.0
27,42,4.0
28,42,4.0
29,42,4.0
30,42,4.0
31,42,3.0
32,42,3.0
33,42,3.0
34,42,4.0
35,42,3.0
36,42,4.0
37,42,4.0
38,42,3.0
39,42,4.0
40,42,4.0
41,42,3.0
42,42,4.0
43,42,4.0
44,42,4.0
45,42,4.0
46,42,3.0
47,42,4.0
48,42,4.0
49,42,4.0
50,42,3.0
51,42,3.0
52,42,4.0
53,42,3.0
54,42,4.0
55,42,4.0
56,42,3.0
57,42,4.0
58,42,4.0
59,42,4.0
60,42,4.0
61,42,4.0
62,42,3.0
63,42,4.0
64,42,4.0
65,42,3.0
66,42,4.0
67,42,4.0
68,42,3.0
69,42,4.0
70,42,3.0
71,42,4.0
72,42,3.0
73,42,4.0
74,42,3.0
75,42,4.0
76,42,4.0
77,42,4.0
78,42,4.0
79,42,4.0
80,42,4.0
81,42,4.0
82,42,4.0
83,42,3.0
84,42,4.0
85,42,4.0
86,42,4.0
87,42,3.0
88,42,4.0
89,42,4.0
90,42,4.0
91,42,4.0
92,42,4.0
93,42,3.0
94,42,4.0
95,42,4.0
96,42,4.0
97,42,4.0
98,42,3.0
99,42,4.0
100,42,4.0
101,42,4.0
102,42,4.0
103,42,4.0
104,42,4.0
105,42,4.0
106,42,4.0
107,42,4.0
108,42,4.0
109,42,4.0
110,42,4.0
111,42,4.0
112,42,3.0
113,42,4.0
114,42,3.0
115,42,3.0
116,42,4.0
117,42,4.0
118,42,4.0
119,42,4.0
0,43,1.0
1,43,1.0
2,43,2.0
3,43,2.0
4,43,2.0
5,43,1.0
6,43,1.0
7,43,1.0
8,43,2.0
9,43,1.0
10,43,1.0
11,43,1.0
12,43,1.0
13,43,1.0
14,43,1.0
15,43,1.0
16,43,1.0
17,43,1.0
18,43,1.0
19,43,1.0
20,43,2.0
21,43,1.0
22,43,0.0
23,43,1.0
24,43,2.0
25,43,1.0
26,43,1.0
27,43,1.0
28,43,1.0
29,43,1.0
30,43,1.0
31,43,1.0
32,43,1.0
33,43,1.0
34,43,1.0
35,43,1.0
36,43,1.0
37,43,2.0
38,43,1.0
39,43,1.0
40,43,1.0
41,43,1.0
42,43,1.0
43,43,1.0
44,43,2.0
45,43,1.0
46,43,1.0
47,43,1.0
48,43,1.0
49,43,1.0
50,43,1.0
51,43,1.0
52,43,2.0
53,43,1.0
54,43,1.0
55,43,1.0
56,43,1.0
57,43,1.0
58,43,1.0
59,43,1.0
60,43,1.0
61,43,1.0
62,43,1.0
63,43,1.0
64,43,1.0
65,43,1.0
66,43,1.0
67,43,1.0
68,43,1.0
69,43,1.0
70,43,1.0
71,43,1.0
72,43,1.0
73,43,1.0
74,43,1.0
75,43,0.0
76,43,1.0
77,43,1.0
78,43,0.0
79,43,1.0
80,43,1.0
81,43,1.0
82,43,1.0
83,43,1.0
84,43,1.0
85,43,1.0
86,43,1.0
87,43,2.0
88,43,1.0
89,43,1.0
90,43,1.0
91,43,1.0
92,43,1.0
93,43,1.0
94,43,1.0
95,43,0.0
96,43,1.0
97,43,0.0
98,43,1.0
99,43,2.0
100,43,1.0
101,43,1.0
102,43,2.0
103,43,1.0
104,43,1.0
105,43,1.0
106,43,2.0
107,43,1.0
108,43,1.0
109,43,1.0
110,43,1.0
111,43,1.0
112,43,1.0
113,43,2.0
114,43,1.0
115,43,1.0
116,43,0.0
117,43,1.0
118,43,1.0
119,43,1.0
0,44,1.0
1,44,2.0
2,44,2.0
3,44,2.0
4,44,1.0
5,44,1.0
6,44,2.0
7,44,2.0
8,44,2.0
9,44,1.0
10,44,2.0
11,44,1.0
12,44,2.0
13,44,1.0
14,44,2.0
15,44,2.0
16,44,2.0
17,44,2.0
18,44,2.0
19,44,2.0
20,44,2.0
21,44,2.0
22,44,2.0
23,44,2.0
24,44,1.0
25,44,1.0
26,44,2.0
27,44,1.0
28,44,2.0
29,44,2.0
30,44,2.0
31,44,2.0
32,44,2.0
33,44,2.0
34,44,2.0
35,44,1.0
36,44,2.0
37,44,2.0
38,44,2.0
39,44,1.0
40,44,1.0
41,44,2.0
42,44,2.0
43,44,1.0
44,44,1.0
45,44,2.0
46,44,2.0
47,44,1.0
48,44,2.0
49,44,2.0
50,44,2.0
51,44,2.0
52,44,2.0
53,44,2.0
54,44,1.0
55,44,2.0
56,44,2.0
57,44,2.0
58,44,2.0
59,44,2.0
60,44,2.0
61,44,2.0
62,44,2.0
63,44,2.0
64,44,2.0
65,44,2.0
66,44,1.0
67,44,2.0
68,44,2.0
69,44,2.0
70,44,2.0
71,44,2.0
72,44,2.0
73,44,2.0
74,44,1.0
75,44,2.0
76,44,2.0
77,44,1.0
78,44,2.0
79,44,1.0
80,44,2.0
81,44,2.0
82,44,2.0
83,44,2.0
84,44,2.0
85,44,1.0
86,44,2.0
87,44,2.0
88,44,2.0
89,44,2.0
90,44,2.0
91,44,2.0
92,44,2.0
93,44,2.0
94,44,2.0
95,44,2.0
96,44,2.0
97,44,2.0
98,44,2.0
99,44,2.0
100,44,2.0
101,44,2.0
102,44,2.0
103,44,2.0
104,44,2.0
105,44,2.0
106,44,1.0
107,44,1.0
108,44,1.0
109,44,2.0
110,44,1.0
111,44,2.0
112,44,2.0
113,44,2.0
114,44,2.0
115,44,2.0
116,44,1.0
117,44,2.0
118,44,2.0
119,44,2.0
0,45,3.0
1,45,3.0
2,45,3.0
3,45,3.0
4,45,3.0
5,45,3.0
6,45,3.0
7,45,3.0
8,45,3.0
9,45,3.0
10,45,3.0
11,45,3.0
12,45,3.0
13,45,3.0
14,45,3.0
15,45,3.0
16,45,3.0
17,45,3.0
18,45,3.0
19,45,3.0
20,45,3.0
21,45,3.0
22,45,3.0
23,45,3.0
24,45,3.0
25,45,3.0
26,45,3.0
27,45,3.0
28,45,3.0
29,45,3.0
30,45,3.0
31,45,3.0
32,45,3.0
33,45,3.0
34,45,3.0
35,45,3.0
36,45,3.0
37,45,3.0
38,45,3.0
39,45,3.0
40,45,3.0
41,45,3.0
42,45,3.0
43,45,3.0
44,45,3.0
45,45,3.0
46,45,3.0
47,45,3.0
48,45,3.0
49,45,3.0
50,45,3.0
51,45,3.0
52,45,3.0
53,45,3.0
54,45,3.0
55,45,3.0
56,45,3.0
57,45,3.0
58,45,3.0
59,45,3.0
60,45,3.0
61,45,3.0
62,45,3.0
63,45,3.0
64,45,3.0
65,45,3.0
66,45,3.0
67,45,3.0
68,45,3.0
69,45,3.0
70,45,3.0
71,45,3.0
72,45,3.0
73,45,3.0
74,45,3.0
75,45,3.0
76,45,3.0
77,45,3.0
78,45,3.0
79,45,3.0
80,45,3.0
81,45,3.0
82,45,3.0
83,45,3.0
84,45,3.0
85,45,3.0
86,45,3.0
87,45,3.0
88,45,3.0
89,45,3.0
90,45,3.0
91,45,3.0
92,45,3.0
93,45,3.0
94,45,3.0
95,45,3.0
96,45,3.0
97,45,3.0
98,45,3.0
99,45,3.0
100,45,3.0
101,45,3.0
102,45,3.0
103,45,3.0
104,45,3.0
105,45,3.0
106,45,3.0
107,45,3.0
108,45,2.0
109,45,3.0
110,45,3.0
111,45,3.0
112,45,3.0
113,45,3.0
114,45,3.0
115,45,4.0
116,45,3.0
117,45,3.0
118,45,3.0
119,45,3.0
0,46,2.0
1,46,2.0
2,46,2.0
3,46,2.0
4,46,2.0
5,46,2.0
6,46,2.0
7,46,3.0
8,46,2.0
9,46,2.0
10,46,2.0
11,46,2.0
12,46,2.0
13,46,2.0
14,46,2.0
15,46,2.0
16,46,2.0
17,46,2.0
18,46,2.0
19,46,2.0
20,46,2.0
21,46,2.0
22,46,2.0
23,46,2.0
24,46,2.0
25,46,2.0
26,46,2.0
27,46,2.0
28,46,2.0
29,46,2.0
30,46,2.0
31,46,2.0
32,46,2.0
33,46,2.0
34,46,2.0
35,46,2.0
36,46,2.0
37,46,2.0
38,46,2.0
39,46,2.0
40,46,2.0
41,46,3.0
42,46,2.0
43,46,2.0
44,46,2.0
45,46,2.0
46,46,3.0
47,46,2.0
48,46,2.0
49,46,2.0
50,46,2.0
51,46,2.0
52,46,3.0
53,46,3.0
54,46,2.0
55,46,2.0
56,46,2.0
57,46,2.0
58,46,2.0
59,46,2.0
60,46,2.0
61,46,2.0
62,46,2.0
63,46,2.0
64,46,2.0
65,46,2.0
66,46,2.0
67,46,2.0
68,46,2.0
69,46,2.0
70,46,2.0
71,46,2.0
72,46,2.0
73,46,2.0
74,46,2.0
75,46,2.0
76,46,2.0
77,46,2.0
78,46,3.0
79,46,2.0
80,46,2.0
81,46,2.0
82,46,2.0
83,46,2.0
84,46,2.0
85,46,2.0
86,46,3.0
87,46,2.0
88,46,2.0
89,46,2.0
90,46,2.0
91,46,2.0
92,46,2.0
93,46,2.0
94,46,3.0
95,46,2.0
96,46,2.0
97,46,3.0
98,46,2.0
99,46,2.0
100,46,2.0
101,46,2.0
102,46,2.0
103,46,2.0
104,46,2.0
105,46,2.0
106,46,2.0
107,46,2.0
108,46,2.0
109,46,2.0
110,46,2.0
111,46,2.0
112,46,2.0
113,46,2.0
114,46,2.0
115,46,3.0
116,46,2.0
117,46,2.0
118,46,2.0
119,46,2.0
0,47,3.0
1,47,3.0
2,47,3.0
3,47,3.0
4,47,3.0
5,47,3.0
6,47,4.0
7,47,4.0
8,47,3.0
9,47,3.0
10,47,3.0
11,47,3.0
12,47,3.0
13,47,3.0
14,47,3.0
15,47,3.0
16,47,3.0
17,47,3.0
18,47,3.0
19,47,3.0
20,47,3.0
21,47,3.0
22,47,3.0
23,47,3.0
24,47,3.0
25,47,3.0
26,47,4.0
27,47,3.0
28,47,4.0
29,47,3.0
30,47,3.0
31,47,4.0
32,47,3.0
33,47,3.0
34,47,3.0
35,47,3.0
36,47,3.0
37,47,3.0
38,47,3.0
39,47,3.0
40,47,3.0
41,47,4.0
42,47,3.0
43,47,3.0
44,47,2.0
45,47,3.0
46,47,3.0
47,47,3.0
48,47,3.0
49,47,3.0
50,47,3.0
51,47,4.0
52,47,4.0
53,47,4.0
54,47,2.0
55,47,3.0
56,47,3.0
57,47,3.0
58,47,3.0
59,47,3.0
60,47,3.0
61,47,3.0
62,47,3.0
63,47,3.0
64,47,3.0
65,47,3.0
66,47,3.0
67,47,3.0
68,47,3.0
69,47,3.0
70,47,3.0
71,47,3.0
72,47,4.0
73,47,3.0
74,47,3.0
75,47,3.0
76,47,4.0
77,47,3.0
78,47,4.0
79,47,3.0
80,47,3.0
81,47,3.0
82,47,3.0
83,47,4.0
84,47,3.0
85,47,3.0
86,47,3.0
87,47,4.0
88,47,4.0
89,47,3.0
90,47,4.0
91,47,3.0
92,47,3.0
93,47,3.0
94,47,3.0
95,47,3.0
96,47,3.0
97,47,3.0
98,47,4.0
99,47,3.0
100,47,4.0
101,47,3.0
102,47,3.0
103,47,3.0
104,47,3.0
105,47,3.0
106,47,3.0
107,47,3.0
108,47,3.0
109,47,3.0
110,47,3.0
111,47,3.0
112,47,3.0
113,47,3.0
114,47,4.0
115,47,3.0
116,47,3.0
117,47,3.0
118,47,3.0
119,47,3.0
0,48,2.0
1,48,2.0
2,48,2.0
3,48,2.0
4,48,2.0
5,48,2.0
6,48,2.0
7,48,2.0
8,48,2.0
9,48,2.0
10,48,2.0
11,48,2.0
12,48,2.0
13,48,2.0
14,48,2.0
15,48,2.0
16,48,2.0
17,48,2.0
18,48,2.0
19,48,2.0
20,48,2.0
21,48,2.0
22,48,2.0
23,48,2.0
24,48,2.0
25,48,2.0
26,48,2.0
27,48,2.0
28,48,2.0
29,48,2.0
30,48,2.0
31,48,2.0
32,48,2.0
33,48,2.0
34,48,2.0
35,48,2.0
36,48,2.0
37,48,2.0
38,48,2.0
39,48,2.0
40,48,2.0
41,48,2.0
42,48,2.0
43,48,2.0
44,48,2.0
45,48,2.0
46,48,2.0
47,48,2.0
48,48,2.0
49,48,2.0
50,48,2.0
51,48,2.0
52,48,2.0
53,48,2.0
54,48,2.0
55,48,2.0
56,48,2.0
57,48,2.0
58,48,2.0
59,48,2.0
60,48,2.0
61,48,2.0
62,48,2.0
63,48,2.0
64,48,2.0
65,48,2.0
66,48,2.0
67,48,2.0
68,48,2.0
69,48,2.0
70,48,2.0
71,48,2.0
72,48,2.0
73,48,2.0
74,48,2.0
75,48,2.0
76,48,2.0
77,48,2.0
78,48,2.0
79,48,2.0
80,48,2.0
81,48,2.0
82,48,2.0
83,48,2.0
84,48,2.0
85,48,2.0
86,48,2.0
87,48,2.0
88,48,2.0
89,48,2.0
90,48,2.0
91,48,2.0
92,48,2.0
93,48,2.0
94,48,2.0
95,48,2.0
96,48,2.0
97,48,2.0
98,48,2.0
99,48,2.0
100,48,2.0
101,48,2.0
102,48,2.0
103,48,2.0
104,48,2.0
105,48,2.0
106,48,2.0
107,48,2.0
108,48,2.0
109,48,2.0
110,48,2.0
111,48,2.0
112,48,2.0
113,48,2.0
114,48,2.0
115,48,2.0
116,48,2.0
117,48,2.0
118,48,2.0
119,48,2.0
0,49,3.0
1,49,3.0
2,49,3.0
3,49,3.0
4,49,3.0
5,49,3.0
6,49,3.0
7,49,3.0
8,49,3.0
9,49,3.0
10,49,3.0
11,49,3.0
12,49,3.0
13,49,3.0
14,49,3.0
15,49,3.0
16,49,3.0
17,49,3.0
18,49,3.0
19,49,3.0
20,49,3.0
21,49,3.0
22,49,3.0
23,49,3.0
24,49,3.0
25,49,3.0
26,49,3.0
27,49,3.0
28,49,3.0
29,49,3.0
30,49,3.0
31,49,3.0
32,49,3.0
33,49,3.0
34,49,3.0
35,49,3.0
36,49,3.0
37,49,3.0
38,49,3.0
39,49,3.0
40,49,3.0
41,49,4.0
42,49,3.0
43,49,3.0
44,49,3.0
45,49,3.0
46,49,3.0
47,49,3.0
48,49,3.0
49,49,3.0
50,49,3.0
51,49,3.0
52,49,3.0
53,49,3.0
54,49,3.0
55,49,3.0
56,49,3.0
57,49,3.0
58,49,3.0
59,49,3.0
60,49,3.0
61,49,3.0
62,49,3.0
63,49,3.0
64,49,3.0
65,49,3.0
66,49,3.0
67,49,3.0
68,49,3.0
69,49,3.0
70,49,3.0
71,49,3.0
72,49,3.0
73,49,3.0
74,49,3.0
75,49,3.0
76,49,3.0
77,49,3.0
78,49,3.0
79,49,3.0
80,49,3.0
81,49,3.0
82,49,3.0
83,49,3.0
84,49,3.0
85,49,3.0
86,49,3.0
87,49,3.0
88,49,3.0
89,49,3.0
90,49,3.0
91,49,3.0
92,49,3.0
93,49,3.0
94,49,3.0
95,49,4.0
96,49,3.0
97,49,3.0
98,49,3.0
99,49,3.0
100,49,3.0
101,49,3.0
102,49,3.0
103,49,3.0
104,49,3.0
105,49,3.0
106,49,3.0
107,49,3.0
108,49,3.0
109,49,3.0
110,49,3.0
111,49,3.0
112,49,3.0
113,49,3.0
114,49,3.0
115,49,3.0
116,49,3.0
117,49,3.0
118,49,3.0
119,49,3.0
